pos	pos_end	motif	counter
831	832	tc/tt	{'tc': 2301, 'tt': 1}
849	850	tc/tt	{'tc': 2299, 'tt': 3}
859	860	tc/tt	{'tc': 2301, 'tt': 1}
927	928	tc/tt	{'tc': 2248, 'tt': 54}
939	940	tc/tt	{'tc': 2300, 'tt': 2}
1149	1150	tc/tt	{'tc': 2301, 'tt': 1}
1410	1411	tc/tt	{'tc': 2295, 'tt': 7}
1530	1531	tc/tt	{'tc': 2301, 'tt': 1}
1692	1693	tc/tt	{'tc': 2300, 'tt': 2}
1780	1781	tc/tt	{'tc': 2300, 'tt': 2}
1863	1864	tc/tt	{'tc': 2301, 'tt': 1}
2029	2030	tc/tt	{'tc': 2288, 'ty': 1, 'tt': 13}
2053	2054	tc/tt	{'tc': 2299, 'tt': 3}
2118	2119	tc/tt	{'tc': 2301, 'tt': 1}
2250	2251	tc/tt	{'tc': 2288, 'tt': 14}
2360	2361	tc/tt	{'tc': 2301, 'tt': 1}
2617	2618	tc/tt	{'tc': 2301, 'tt': 1}
2816	2817	tc/tt	{'tc': 2301, 'tt': 1}
3329	3330	tc/tt	{'tc': 2301, 'tt': 1}
3647	3648	tc/tt	{'tc': 2301, 'tt': 1}
3863	3864	tc/tt	{'tt': 2271, 'tc': 31}
3882	3883	tc/tt	{'tc': 2299, 'tt': 2, 'cc': 1}
3896	3897	tc/tt	{'tc': 2300, 'tt': 2}
4033	4034	tc/tt	{'tc': 1882, 'tt': 420}
4638	4639	tc/tt	{'tc': 2301, 'tt': 1}
4647	4648	tc/tt	{'tc': 2301, 'tt': 1}
4675	4676	tc/tt	{'tc': 2301, 'tt': 1}
5121	5122	tc/tt	{'tc': 2298, 'tt': 4}
5130	5131	tc/tt	{'tc': 2301, 'tt': 1}
5167	5168	tc/tt	{'tc': 2301, 'tt': 1}
5225	5226	tc/tt	{'tc': 2299, 'tt': 3}
5313	5314	tc/tt	{'tc': 2301, 'tt': 1}
5352	5353	tc/tt	{'tc': 2301, 'tt': 1}
5453	5454	tc/tt	{'tc': 2301, 'tt': 1}
5775	5776	tc/tt	{'tc': 2300, 'tt': 1, 'ty': 1}
5778	5779	tc/tt	{'tc': 2288, 'tt': 14}
6117	6118	tc/tt	{'tc': 2300, 'tt': 2}
6454	6455	tc/tt	{'tc': 2299, 'tt': 3}
6571	6572	tc/tt	{'tc': 2297, 'tn': 4, 'tt': 1}
6653	6654	tc/tt	{'tc': 2301, 'tt': 1}
6822	6823	tc/tt	{'tc': 2301, 'tt': 1}
6929	6930	tc/tt	{'tt': 2301, 'tc': 1}
7164	7165	tc/tt	{'tc': 2293, 'tt': 9}
7542	7543	tc/tt	{'tc': 2301, 'tt': 1}
7851	7852	tc/tt	{'tc': 2301, 'tt': 1}
7917	7918	tc/tt	{'tt': 2301, 'tc': 1}
7966	7967	tc/tt	{'tc': 2301, 'tt': 1}
7997	7998	tc/tt	{'tc': 2301, 'tt': 1}
8743	8744	tc/tt	{'tc': 2300, 'tt': 1, 'ty': 1}
8881	8882	tc/tt	{'tc': 2299, 'tt': 3}
9757	9758	tc/tt	{'tc': 2301, 'tt': 1}
9908	9909	tc/tt	{'tc': 2301, 'tt': 1}
9928	9929	tc/tt	{'tc': 2301, 'tt': 1}
10195	10196	tc/tt	{'tc': 2300, 'tt': 2}
10577	10578	tc/tt	{'tc': 2300, 'tt': 2}
10636	10637	tc/tt	{'tc': 2296, 'tt': 6}
10824	10825	tc/tt	{'tc': 2298, 'tt': 4}
11008	11009	tc/tt	{'tc': 2301, 'tt': 1}
11011	11012	tc/tt	{'tc': 2296, 'tt': 6}
11252	11253	tc/tt	{'tc': 2298, 'tt': 4}
11269	11270	tc/tt	{'tc': 2300, 'tt': 2}
11439	11440	tc/tt	{'tc': 2301, 'tt': 1}
11576	11577	tc/tt	{'tc': 2301, 'tt': 1}
11714	11715	tc/tt	{'tc': 2295, 'tt': 7}
11862	11863	tc/tt	{'tc': 2301, 'tt': 1}
11870	11871	tc/tt	{'tc': 2301, 'tt': 1}
11928	11929	tc/tt	{'tc': 2301, 'tt': 1}
11939	11940	tc/tt	{'tc': 2301, 'tt': 1}
12081	12082	tc/tt	{'tc': 2301, 'tt': 1}
12450	12451	tc/tt	{'tc': 2301, 'tt': 1}
12836	12837	tc/tt	{'tc': 2299, 'tt': 3}
12908	12909	tc/tt	{'tc': 2301, 'tt': 1}
12994	12995	tc/tt	{'tc': 2300, 'tt': 2}
13002	13003	tc/tt	{'tc': 2301, 'tt': 1}
13016	13017	tc/tt	{'tc': 2301, 'tt': 1}
13046	13047	tc/tt	{'tc': 2301, 'tt': 1}
13180	13181	tc/tt	{'tt': 2301, 'tc': 1}
13323	13324	tc/tt	{'tc': 2298, 'tt': 4}
13413	13414	tc/tt	{'tc': 2301, 'tt': 1}
13607	13608	tc/tt	{'tc': 2301, 'tt': 1}
13713	13714	tc/tt	{'tc': 2301, 'tt': 1}
13761	13762	tc/tt	{'tc': 2300, 'tt': 2}
13805	13806	tc/tt	{'tc': 2297, 'tt': 5}
14807	14808	tc/tt	{'tc': 2301, 'tt': 1}
14948	14949	tc/tt	{'tc': 2300, 'tt': 2}
15095	15096	tc/tt	{'tc': 2301, 'tt': 1}
15156	15157	tc/tt	{'tc': 2299, 'tt': 3}
15179	15180	tc/tt	{'tc': 2301, 'tt': 1}
15209	15210	tc/tt	{'tc': 2300, 'tt': 2}
15321	15322	tc/tt	{'tc': 2300, 'tt': 2}
15464	15465	tc/tt	{'tc': 2301, 'tt': 1}
15504	15505	tc/tt	{'tc': 2301, 'tt': 1}
15573	15574	tc/tt	{'tc': 2301, 'tt': 1}
15715	15716	tc/tt	{'tc': 2300, 'tt': 2}
15888	15889	tc/tt	{'tc': 2300, 'tt': 2}
16074	16075	tc/tt	{'tc': 2301, 'tt': 1}
16122	16123	tc/tt	{'tc': 2300, 'tt': 2}
16215	16216	tc/tt	{'tc': 2301, 'tt': 1}
16237	16238	tc/tt	{'tc': 2301, 'tt': 1}
16362	16363	tc/tt	{'tc': 2300, 'tt': 2}
16480	16481	tc/tt	{'tc': 2299, 'tt': 3}
16759	16760	tc/tt	{'tc': 2301, 'tt': 1}
16772	16773	tc/tt	{'tc': 2297, '--': 4, 'tt': 1}
16775	16776	tc/tt	{'tc': 2301, 'tt': 1}
17133	17134	tc/tt	{'tc': 2294, 'tt': 8}
17184	17185	tc/tt	{'tc': 2301, 'tt': 1}
17205	17206	tc/tt	{'tc': 2289, 'tt': 13}
17578	17579	tc/tt	{'tc': 2301, 'tt': 1}
17594	17595	tc/tt	{'tc': 2301, 'tt': 1}
18019	18020	tc/tt	{'tc': 2301, 'tt': 1}
18155	18156	tc/tt	{'tc': 2300, 'tt': 2}
18290	18291	tc/tt	{'tc': 2297, 'tt': 3, 'ty': 2}
18784	18785	tc/tt	{'tc': 2301, 'tt': 1}
18791	18792	tc/tt	{'tc': 2301, 'tt': 1}
19065	19066	tc/tt	{'tc': 2300, 'tt': 2}
19227	19228	tc/tt	{'tc': 2301, 'tt': 1}
19339	19340	tc/tt	{'tc': 2300, 'tt': 2}
19353	19354	tc/tt	{'tc': 2301, 'tt': 1}
19548	19549	tc/tt	{'tc': 2300, 'ty': 1, 'tt': 1}
19737	19738	tc/tt	{'tc': 2301, 'tt': 1}
19762	19763	tc/tt	{'tc': 2301, 'tt': 1}
20069	20070	tc/tt	{'tc': 2301, 'tt': 1}
20389	20390	tc/tt	{'tc': 2301, 'tt': 1}
20610	20611	tc/tt	{'tc': 2001, 'tt': 301}
20738	20739	tc/tt	{'tc': 2300, 'tt': 2}
20793	20794	tc/tt	{'tc': 2301, 'tt': 1}
20975	20976	tc/tt	{'tc': 2300, 'tt': 2}
21023	21024	tc/tt	{'tc': 2295, 'tt': 7}
21149	21150	tc/tt	{'tc': 2283, 'tt': 17, 'ty': 2}
21219	21220	tc/tt	{'tc': 2051, 'tt': 251}
21285	21286	tc/tt	{'tc': 2301, 'tt': 1}
21466	21467	tc/tt	{'tc': 2299, 'tt': 3}
21555	21556	tc/tt	{'tc': 2300, 'tt': 2}
21645	21646	tc/tt	{'tc': 2283, 'tt': 19}
21705	21706	tc/tt	{'tc': 2300, 'tt': 2}
21990	21991	tc/tt	{'tc': 2301, 'tt': 1}
22010	22011	tc/tt	{'tc': 2299, 'tt': 3}
22053	22054	tc/tt	{'tc': 2299, 'tt': 3}
22155	22156	tc/tt	{'tc': 2300, 'tt': 2}
22336	22337	tc/tt	{'tc': 2295, 'tt': 6, 'ty': 1}
22346	22347	tc/tt	{'tc': 2298, 'tt': 4}
22496	22497	tc/tt	{'tc': 2301, 'tt': 1}
22581	22582	tc/tt	{'tc': 2297, 'tt': 4, 'ty': 1}
22695	22696	tc/tt	{'tc': 2301, 'tt': 1}
22716	22717	tc/tt	{'tc': 2301, 'tt': 1}
22896	22897	tc/tt	{'tc': 2262, 'tt': 40}
23037	23038	tc/tt	{'tc': 2300, 'tt': 2}
23061	23062	tc/tt	{'tc': 2300, 'tt': 2}
23139	23140	tc/tt	{'tc': 2298, 'nn': 1, 'tt': 3}
23262	23263	tc/tt	{'tc': 2301, 'tt': 1}
23486	23487	tc/tt	{'tc': 2301, 'tt': 1}
23502	23503	tc/tt	{'tc': 2301, 'tt': 1}
23510	23511	tc/tt	{'tc': 2300, 'tt': 2}
23513	23514	tc/tt	{'tc': 2301, 'tt': 1}
23558	23559	tc/tt	{'tc': 2301, 'tt': 1}
23721	23722	tc/tt	{'tt': 2301, 'tc': 1}
23828	23829	tc/tt	{'tc': 2242, 'tt': 60}
23916	23917	tc/tt	{'tc': 2274, 'tt': 28}
24002	24003	tc/tt	{'tc': 2299, 'tt': 3}
24365	24366	tc/tt	{'tc': 2301, 'tt': 1}
24388	24389	tc/tt	{'tc': 2299, 'tt': 3}
24439	24440	tc/tt	{'tc': 2300, 'tt': 2}
24741	24742	tc/tt	{'tc': 2292, 'tt': 10}
24975	24976	tc/tt	{'tc': 2299, 'tt': 3}
24981	24982	tc/tt	{'tc': 2300, 'tt': 2}
25086	25087	tc/tt	{'tc': 2301, 'tt': 1}
25152	25153	tc/tt	{'tc': 2299, 'tt': 3}
25229	25230	tc/tt	{'tc': 2301, 'tt': 1}
25259	25260	tc/tt	{'tc': 2299, 'tt': 3}
25411	25412	tc/tt	{'tc': 2299, 'tt': 3}
25696	25697	tc/tt	{'tc': 2299, 'tt': 3}
25755	25756	tc/tt	{'tt': 2300, 'tc': 1, '--': 1}
25768	25769	tc/tt	{'tc': 2298, 'tt': 2, '--': 2}
25801	25802	tc/tt	{'tt': 140, 'tc': 2156, 'ty': 6}
25925	25926	tc/tt	{'tc': 2300, 'tt': 2}
25939	25940	tc/tt	{'tc': 2301, 'tt': 1}
26022	26023	tc/tt	{'tc': 2293, 'tt': 9}
26039	26040	tc/tt	{'tc': 2300, 'tt': 2}
26124	26125	tc/tt	{'tc': 2295, 'tt': 7}
26144	26145	tc/tt	{'tc': 2301, 'tt': 1}
26342	26343	tc/tt	{'tc': 2300, 'tt': 2}
26410	26411	tc/tt	{'tc': 2301, 'tt': 1}
26427	26428	tc/tt	{'tc': 2300, 'tt': 2}
26474	26475	tc/tt	{'tc': 2298, 'tt': 4}
26891	26892	tc/tt	{'tc': 2194, 'tt': 108}
26981	26982	tc/tt	{'tc': 2299, 'tt': 3}
27084	27085	tc/tt	{'tc': 2301, 'tt': 1}
27344	27345	tc/tt	{'tc': 2299, 'tt': 3}
27578	27579	tc/tt	{'tc': 2300, 'ty': 1, 'tt': 1}
27694	27695	tc/tt	{'tc': 2299, 'tt': 3}
27983	27984	tc/tt	{'tc': 2248, 'tt': 54}
28332	28333	tc/tt	{'tc': 2301, 'tt': 1}
28664	28665	tc/tt	{'tc': 2301, 'tt': 1}
28835	28836	tc/tt	{'tc': 2256, 'tt': 46}
28963	28964	tc/tt	{'tc': 2301, 'tt': 1}
28966	28967	tc/tt	{'tc': 2301, 'tt': 1}
29045	29046	tc/tt	{'tc': 2297, 'tt': 5}
29198	29199	tc/tt	{'tc': 2301, 'tt': 1}
29357	29358	tc/tt	{'tc': 2297, 'tt': 5}
29387	29388	tc/tt	{'tc': 2294, 'tt': 7, 'ty': 1}
29506	29507	tc/tt	{'tc': 2301, 'tt': 1}
29917	29918	tc/tt	{'tc': 2301, 'tt': 1}
29921	29922	tc/tt	{'tc': 2226, 'tt': 76}
30045	30046	tc/tt	{'tc': 2293, 'tt': 4, 'tg': 4, 'ty': 1}
30295	30296	tc/tt	{'tc': 2288, 'tt': 14}
30427	30428	tc/tt	{'tc': 2298, 'tt': 4}
30441	30442	tc/tt	{'tc': 2301, 'tt': 1}
30575	30576	tc/tt	{'tc': 2300, 'tt': 2}
30766	30767	tc/tt	{'tc': 2301, 'tt': 1}
30771	30772	tc/tt	{'tc': 2295, 'tt': 7}
30827	30828	tc/tt	{'tc': 2287, 'tt': 15}
31145	31146	tc/tt	{'tc': 2301, 'tt': 1}
31164	31165	tc/tt	{'tc': 2219, 'tt': 83}
31347	31348	tc/tt	{'tc': 2299, 'tt': 3}
31678	31679	tc/tt	{'tc': 2301, 'tt': 1}
31905	31906	tc/tt	{'tc': 2300, 'tt': 2}
32065	32066	tc/tt	{'tc': 2116, 'tt': 186}
32479	32480	tc/tt	{'tc': 2299, 'tt': 3}
32502	32503	tc/tt	{'tc': 2301, 'tt': 1}
32607	32608	tc/tt	{'tc': 2300, 'tt': 2}
32692	32693	tc/tt	{'tc': 2299, 'tt': 3}
32785	32786	tc/tt	{'tc': 2301, 'tt': 1}
32919	32920	tc/tt	{'tc': 2300, 'tt': 2}
32948	32949	tc/tt	{'tc': 2301, 'tt': 1}
33067	33068	tc/tt	{'tc': 2301, 'tt': 1}
33240	33241	tc/tt	{'tc': 2300, 'tt': 2}
33261	33262	tc/tt	{'tc': 2301, 'tt': 1}
33490	33491	tc/tt	{'tc': 2293, 'tt': 9}
34021	34022	tc/tt	{'tc': 2301, 'tt': 1}
34435	34436	tc/tt	{'tc': 2258, 'tt': 44}
34473	34474	tc/tt	{'tc': 2299, 'tt': 3}
34515	34516	tc/tt	{'tc': 2301, 'tt': 1}
34590	34591	tc/tt	{'tc': 2300, 'tt': 2}
34700	34701	tc/tt	{'tc': 2301, 'tt': 1}
34942	34943	tc/tt	{'tc': 2298, 'tt': 4}
35297	35298	tc/tt	{'tc': 2301, 'tt': 1}
35359	35360	tc/tt	{'tc': 2301, 'tt': 1}
35374	35375	tc/tt	{'tc': 2301, 'tt': 1}
35560	35561	tc/tt	{'tc': 2301, 'tt': 1}
35630	35631	tc/tt	{'tc': 2242, 'tt': 60}
36127	36128	tc/tt	{'tc': 2300, 'tt': 2}
36229	36230	tc/tt	{'tc': 2301, 'tt': 1}
36425	36426	tc/tt	{'tc': 2300, 'tt': 2}
36548	36549	tc/tt	{'tc': 2299, 'tt': 3}
36596	36597	tc/tt	{'tc': 2301, 'tt': 1}
36857	36858	tc/tt	{'tc': 2301, 'tt': 1}
36887	36888	tc/tt	{'tc': 2301, 'tt': 1}
36914	36915	tc/tt	{'tc': 2301, 'tt': 1}
36938	36939	tc/tt	{'tc': 2297, 'tt': 5}
36992	36993	tc/tt	{'tc': 2301, 'tt': 1}
37878	37879	tc/tt	{'tc': 2301, 'tt': 1}
37896	37897	tc/tt	{'tc': 2299, 'tt': 3}
38253	38254	tc/tt	{'tc': 2300, 'tt': 2}
38558	38559	tc/tt	{'tc': 2301, 'tt': 1}
38634	38635	tc/tt	{'tc': 2301, 'tt': 1}
38641	38642	tc/tt	{'tc': 2301, 'tt': 1}
38799	38800	tc/tt	{'tc': 2301, 'tt': 1}
38820	38821	tc/tt	{'tt': 2301, 'tc': 1}
38876	38877	tc/tt	{'tc': 2301, 'tt': 1}
39095	39096	tc/tt	{'tc': 2285, 'tt': 17}
39138	39139	tc/tt	{'tc': 2299, 'tt': 2, 'ty': 1}
39202	39203	tc/tt	{'tc': 2300, 'tt': 2}
39278	39279	tc/tt	{'tt': 2301, 'tc': 1}
39298	39299	tc/tt	{'tt': 2301, 'tc': 1}
39549	39550	tc/tt	{'tc': 2301, 'tt': 1}
40059	40060	tc/tt	{'tc': 2295, 'tt': 7}
40096	40097	tc/tt	{'tc': 2300, 'tt': 2}
40186	40187	tc/tt	{'tc': 2300, 'tt': 2}
40392	40393	tc/tt	{'tc': 2301, 'tt': 1}
40436	40437	tc/tt	{'tc': 2301, 'tt': 1}
40442	40443	tc/tt	{'tc': 2300, 'tt': 2}
40460	40461	tc/tt	{'tc': 2301, 'tt': 1}
40528	40529	tc/tt	{'tt': 2301, 'tc': 1}
40566	40567	tc/tt	{'tc': 2301, 'tt': 1}
40585	40586	tc/tt	{'tc': 2300, 'tt': 2}
40809	40810	tc/tt	{'tc': 2301, 'tt': 1}
40945	40946	tc/tt	{'tc': 2299, 'tt': 3}
41023	41024	tc/tt	{'tc': 2300, 'tt': 2}
41141	41142	tc/tt	{'tc': 2301, 'tt': 1}
41289	41290	tc/tt	{'tc': 2301, 'tt': 1}
41383	41384	tc/tt	{'tc': 2300, 'tt': 2}
42177	42178	tc/tt	{'tc': 2299, 'tt': 3}
42560	42561	tc/tt	{'tc': 2300, 'tt': 2}
42943	42944	tc/tt	{'tc': 2301, 'tt': 1}
43204	43205	tc/tt	{'tc': 2301, 'tt': 1}
43229	43230	tc/tt	{'tc': 2301, 'tt': 1}
43867	43868	tc/tt	{'tc': 2300, 'tt': 2}
43964	43965	tc/tt	{'tc': 2300, 'tt': 2}
43992	43993	tc/tt	{'tc': 2301, 'tt': 1}
44088	44089	tc/tt	{'tc': 2299, 'tt': 3}
44193	44194	tc/tt	{'tc': 2276, 'ty': 3, 'tt': 23}
44274	44275	tc/tt	{'tc': 2301, 'tt': 1}
44381	44382	tc/tt	{'tc': 2299, 'tt': 3}
44494	44495	tc/tt	{'tc': 2301, 'tt': 1}
44788	44789	tc/tt	{'tc': 2301, 'tt': 1}
44889	44890	tc/tt	{'tc': 2301, 'tt': 1}
44901	44902	tc/tt	{'tc': 2301, 'tt': 1}
44956	44957	tc/tt	{'tc': 2301, 'tt': 1}
44960	44961	tc/tt	{'tt': 2301, 'tc': 1}
45244	45245	tc/tt	{'tc': 2299, 'tt': 3}
45273	45274	tc/tt	{'tc': 2301, 'tt': 1}
45497	45498	tc/tt	{'tc': 2301, 'tt': 1}
45978	45979	tc/tt	{'tc': 2301, 'tt': 1}
46184	46185	tc/tt	{'tc': 2301, 'tt': 1}
46869	46870	tc/tt	{'tc': 2300, 'tt': 2}
47698	47699	tc/tt	{'tc': 2298, 'tt': 3, 'ty': 1}
47981	47982	tc/tt	{'tc': 2300, 'tt': 2}
48028	48029	tc/tt	{'tc': 2301, 'tt': 1}
48251	48252	tc/tt	{'tc': 2301, 'tt': 1}
48478	48479	tc/tt	{'tc': 2300, 'tt': 2}
49426	49427	tc/tt	{'tc': 2297, 'tt': 5}
49644	49645	tc/tt	{'tc': 2299, 'tt': 3}
49855	49856	tc/tt	{'tc': 2300, 'tt': 2}
49939	49940	tc/tt	{'tc': 2301, 'tt': 1}
49970	49971	tc/tt	{'tc': 2295, 'tt': 7}
49976	49977	tc/tt	{'tc': 2299, 'tt': 3}
50279	50280	tc/tt	{'tc': 2296, 'tt': 6}
50369	50370	tc/tt	{'tc': 2301, 'tt': 1}
50533	50534	tc/tt	{'tc': 2301, 'tt': 1}
50695	50696	tc/tt	{'tc': 2300, 'tt': 2}
51227	51228	tc/tt	{'tc': 2301, 'tt': 1}
51938	51939	tc/tt	{'tc': 2301, 'tt': 1}
52046	52047	tc/tt	{'tc': 2301, 'tt': 1}
52136	52137	tc/tt	{'tc': 2300, 'tt': 2}
52206	52207	tc/tt	{'tc': 2300, 'tt': 2}
52269	52270	tc/tt	{'tc': 2295, 'tt': 7}
52590	52591	tc/tt	{'tc': 2301, 'tt': 1}
52693	52694	tc/tt	{'tc': 2301, 'tt': 1}
52703	52704	tc/tt	{'tc': 2301, 'tt': 1}
52782	52783	tc/tt	{'tc': 2301, 'tt': 1}
53117	53118	tc/tt	{'tc': 2301, 'tt': 1}
53359	53360	tc/tt	{'tc': 2301, 'tt': 1}
53503	53504	tc/tt	{'tc': 2300, 'tt': 2}
53512	53513	tc/tt	{'tc': 2300, 'tt': 2}
53934	53935	tc/tt	{'tc': 2296, 'tt': 6}
53948	53949	tc/tt	{'tc': 2297, 'tt': 5}
54173	54174	tc/tt	{'tc': 2301, 'tt': 1}
54315	54316	tc/tt	{'tc': 2301, 'tt': 1}
54330	54331	tc/tt	{'tc': 2301, 'tt': 1}
54395	54396	tc/tt	{'tc': 2301, 'tt': 1}
54409	54410	tc/tt	{'tc': 2277, 'tt': 25}
54423	54424	tc/tt	{'tc': 2300, 'tt': 2}
54429	54430	tc/tt	{'tc': 2301, 'tt': 1}
54526	54527	tc/tt	{'tc': 2289, 'tt': 12, 'ty': 1}
54744	54745	tc/tt	{'tc': 2301, 'tt': 1}
54786	54787	tc/tt	{'tc': 2301, 'tt': 1}
54989	54990	tc/tt	{'tc': 2275, 'tt': 27}
55083	55084	tc/tt	{'tc': 2301, 'tt': 1}
55720	55721	tc/tt	{'tt': 2270, 'tc': 32}
55800	55801	tc/tt	{'tc': 2301, 'tt': 1}
55820	55821	tc/tt	{'tc': 2300, 'tt': 2}
56365	56366	tc/tt	{'tc': 2301, 'tt': 1}
56572	56573	tc/tt	{'tc': 2300, 'tt': 2}
56761	56762	tc/tt	{'tc': 2296, 'tt': 6}
57127	57128	tc/tt	{'tc': 2278, 'tt': 24}
57271	57272	tc/tt	{'tc': 2301, 'tt': 1}
57334	57335	tc/tt	{'tc': 2290, 'tt': 9, 'ty': 3}
57371	57372	tc/tt	{'tc': 2294, 'tt': 8}
57521	57522	tc/tt	{'tc': 2293, 'tt': 9}
57653	57654	tc/tt	{'tc': 2296, 'ty': 2, 'tt': 4}
57711	57712	tc/tt	{'tc': 2300, 'tt': 2}
57811	57812	tc/tt	{'tc': 2301, 'tt': 1}
57922	57923	tc/tt	{'tc': 2300, 'tn': 1, 'tt': 1}
58018	58019	tc/tt	{'tc': 2301, 'tt': 1}
58058	58059	tc/tt	{'tc': 2301, 'tt': 1}
58462	58463	tc/tt	{'tc': 2301, 'tt': 1}
59725	59726	tc/tt	{'tc': 2300, 'tt': 2}
59840	59841	tc/tt	{'tc': 2093, 'tt': 209}
60023	60024	tc/tt	{'tc': 2301, 'tt': 1}
60153	60154	tc/tt	{'tc': 2301, 'tt': 1}
60340	60341	tc/tt	{'tc': 2298, 'tt': 4}
60417	60418	tc/tt	{'tc': 2298, 'tt': 4}
60539	60540	tc/tt	{'tc': 2301, 'tt': 1}
60989	60990	tc/tt	{'tc': 2301, 'tt': 1}
61107	61108	tc/tt	{'tc': 2301, 'tt': 1}
61147	61148	tc/tt	{'tc': 2299, 'tt': 3}
61709	61710	tc/tt	{'tc': 2300, 'tt': 2}
61764	61765	tc/tt	{'tc': 2301, 'tt': 1}
62835	62836	tc/tt	{'tc': 2301, 'tt': 1}
63305	63306	tc/tt	{'tc': 2301, 'tt': 1}
63402	63403	tc/tt	{'tc': 2301, 'tt': 1}
63723	63724	tc/tt	{'tc': 2301, 'tt': 1}
64027	64028	tc/tt	{'tc': 2301, 'tt': 1}
64041	64042	tc/tt	{'tc': 2299, 'tt': 3}
64294	64295	tc/tt	{'tc': 2301, 'tt': 1}
64323	64324	tc/tt	{'tc': 2301, 'tt': 1}
64402	64403	tc/tt	{'tc': 2287, 'tt': 15}
64588	64589	tc/tt	{'tc': 1794, 'ty': 3, 'tt': 505}
64629	64630	tc/tt	{'tc': 2300, 'tt': 2}
64648	64649	tc/tt	{'tc': 2298, 'tt': 4}
64662	64663	tc/tt	{'tc': 2301, 'tt': 1}
64964	64965	tc/tt	{'tc': 2291, 'tt': 11}
65716	65717	tc/tt	{'tc': 2301, 'tt': 1}
65733	65734	tc/tt	{'tc': 2299, 'tt': 3}
66411	66412	tc/tt	{'tc': 2299, 'tt': 3}
66415	66416	tc/tt	{'tc': 2301, 'tt': 1}
66565	66566	tc/tt	{'tc': 2301, 'tt': 1}
66809	66810	tc/tt	{'tc': 2295, 'tt': 7}
66880	66881	tc/tt	{'tc': 2301, 'tt': 1}
67040	67041	tc/tt	{'tc': 2299, 'ty': 2, 'tt': 1}
67125	67126	tc/tt	{'tc': 2301, 'tt': 1}
67140	67141	tc/tt	{'tc': 2298, 'tt': 4}
67177	67178	tc/tt	{'tc': 2301, 'tt': 1}
67353	67354	tc/tt	{'tc': 2301, 'tt': 1}
67391	67392	tc/tt	{'tc': 2301, 'tt': 1}
67451	67452	tc/tt	{'tc': 2293, 'tt': 9}
67601	67602	tc/tt	{'tc': 2301, 'tt': 1}
67787	67788	tc/tt	{'tc': 2300, 'tt': 1, 'yc': 1}
67821	67822	tc/tt	{'tc': 2301, 'tt': 1}
68178	68179	tc/tt	{'tc': 2301, 'tt': 1}
68380	68381	tc/tt	{'tc': 2298, 'tt': 4}
68837	68838	tc/tt	{'tc': 2298, 'tt': 4}
68954	68955	tc/tt	{'tc': 2300, 'tt': 2}
69143	69144	tc/tt	{'tc': 2301, 'tt': 1}
69453	69454	tc/tt	{'tc': 2301, 'tt': 1}
69657	69658	tc/tt	{'tc': 2301, 'tt': 1}
70051	70052	tc/tt	{'tc': 2301, 'tt': 1}
70151	70152	tc/tt	{'tc': 2301, 'tt': 1}
70493	70494	tc/tt	{'tc': 2299, 'tt': 3}
70577	70578	tc/tt	{'tc': 2283, 'tt': 19}
70639	70640	tc/tt	{'tc': 2292, 'tt': 10}
70829	70830	tc/tt	{'tc': 2283, 'tt': 19}
70841	70842	tc/tt	{'tc': 2301, 'tt': 1}
70943	70944	tc/tt	{'tc': 2274, 'tt': 26, 'ty': 2}
71119	71120	tc/tt	{'tc': 2293, 'tt': 9}
71179	71180	tc/tt	{'tc': 2300, 'tt': 2}
71356	71357	tc/tt	{'tc': 2300, 'tt': 2}
71421	71422	tc/tt	{'tc': 2301, 'tt': 1}
72240	72241	tc/tt	{'tc': 2300, 'tt': 2}
72378	72379	tc/tt	{'tc': 2301, 'tt': 1}
72443	72444	tc/tt	{'tc': 2294, 'tt': 8}
72525	72526	tc/tt	{'tt': 2301, 'tc': 1}
73040	73041	tc/tt	{'tc': 2301, 'tt': 1}
73077	73078	tc/tt	{'tc': 2301, 'tt': 1}
73229	73230	tc/tt	{'tt': 2301, 'tc': 1}
73367	73368	tc/tt	{'tc': 2301, 'tt': 1}
73591	73592	tc/tt	{'tc': 2301, 'tt': 1}
73797	73798	tc/tt	{'tc': 2301, 'tt': 1}
74140	74141	tc/tt	{'tc': 2298, 'tt': 4}
74163	74164	tc/tt	{'tc': 2301, 'tt': 1}
74181	74182	tc/tt	{'tc': 2054, 'tt': 248}
74362	74363	tc/tt	{'tc': 2301, 'tt': 1}
74439	74440	tc/tt	{'tt': 2301, 'tc': 1}
74580	74581	tc/tt	{'tc': 2298, 'tt': 4}
74854	74855	tc/tt	{'tc': 2297, 'tt': 5}
74896	74897	tc/tt	{'tc': 2300, 'tt': 2}
75118	75119	tc/tt	{'tc': 2301, 'tt': 1}
75331	75332	tc/tt	{'tc': 2300, 'tt': 2}
75834	75835	tc/tt	{'tc': 2301, 'tt': 1}
75977	75978	tc/tt	{'tc': 2301, 'tt': 1}
76144	76145	tc/tt	{'tc': 2294, 'tt': 8}
76341	76342	tc/tt	{'tc': 2301, 'tt': 1}
76497	76498	tc/tt	{'tc': 2299, 'tt': 3}
76768	76769	tc/tt	{'tc': 2301, 'tt': 1}
76954	76955	tc/tt	{'tc': 2300, 'tt': 2}
76983	76984	tc/tt	{'tc': 2301, 'tt': 1}
77472	77473	tc/tt	{'tc': 2301, 'tt': 1}
77560	77561	tc/tt	{'tc': 2301, 'tt': 1}
77625	77626	tc/tt	{'tc': 2296, 'tt': 6}
77938	77939	tc/tt	{'tc': 2301, 'tt': 1}
78395	78396	tc/tt	{'tc': 2300, 'tt': 2}
78458	78459	tc/tt	{'tc': 2295, 'tt': 7}
78525	78526	tc/tt	{'tc': 2300, 'tt': 2}
79178	79179	tc/tt	{'tc': 2301, 'tt': 1}
79817	79818	tc/tt	{'tc': 2301, 'tt': 1}
79927	79928	tc/tt	{'tc': 2293, 'tt': 9}
80230	80231	tc/tt	{'tc': 2301, 'tt': 1}
80610	80611	tc/tt	{'tc': 2301, 'tt': 1}
80708	80709	tc/tt	{'tc': 2298, 'tt': 4}
80750	80751	tc/tt	{'tt': 2301, 'tc': 1}
80933	80934	tc/tt	{'tc': 2301, 'tt': 1}
81319	81320	tc/tt	{'tc': 2301, 'tt': 1}
81357	81358	tc/tt	{'tc': 2297, 'tt': 5}
81527	81528	tc/tt	{'tc': 2298, 'tt': 4}
81581	81582	tc/tt	{'tc': 2301, 'tt': 1}
81674	81675	tc/tt	{'tc': 2300, 'tt': 2}
81741	81742	tc/tt	{'tc': 2301, 'tt': 1}
81744	81745	tc/tt	{'tc': 2264, 'tt': 38}
82470	82471	tc/tt	{'tc': 2300, 'tt': 2}
82494	82495	tc/tt	{'tc': 2301, 'tt': 1}
82536	82537	tc/tt	{'tt': 2301, 'tc': 1}
82782	82783	tc/tt	{'tc': 2301, 'tt': 1}
82839	82840	tc/tt	{'tc': 2296, 'tt': 6}
83271	83272	tc/tt	{'tc': 2301, 'tt': 1}
83489	83490	tc/tt	{'tt': 2301, 'tc': 1}
83659	83660	tc/tt	{'tc': 2301, 'tt': 1}
83823	83824	tc/tt	{'tc': 2301, 'tt': 1}
84036	84037	tc/tt	{'tc': 2301, 'tt': 1}
84226	84227	tc/tt	{'tc': 2301, 'tt': 1}
84369	84370	tc/tt	{'tc': 2298, 'tt': 4}
84396	84397	tc/tt	{'tc': 2297, 'tt': 5}
84465	84466	tc/tt	{'tc': 2300, 'tt': 2}
84510	84511	tc/tt	{'tc': 2275, 'tt': 27}
84605	84606	tc/tt	{'tc': 2301, 'tt': 1}
84711	84712	tc/tt	{'tc': 2301, 'tt': 1}
84750	84751	tc/tt	{'tt': 2301, 'tc': 1}
84897	84898	tc/tt	{'tc': 2300, 'tt': 2}
84930	84931	tc/tt	{'tc': 2301, 'tt': 1}
85106	85107	tc/tt	{'tc': 2301, 'tt': 1}
85119	85120	tc/tt	{'tc': 2300, 'tt': 2}
85485	85486	tc/tt	{'tc': 2294, 'tt': 8}
85603	85604	tc/tt	{'tc': 2298, 'tt': 4}
85812	85813	tc/tt	{'tc': 2301, 'tt': 1}
85942	85943	tc/tt	{'tc': 2299, 'tt': 3}
86441	86442	tc/tt	{'tc': 2301, 'tt': 1}
86505	86506	tc/tt	{'tc': 2289, 'tt': 13}
86554	86555	tc/tt	{'tc': 2301, 'tt': 1}
86625	86626	tc/tt	{'tc': 2301, 'tt': 1}
86679	86680	tc/tt	{'tc': 2301, 'tt': 1}
86730	86731	tc/tt	{'tc': 2301, 'tt': 1}
86767	86768	tc/tt	{'tc': 2301, 'tt': 1}
86803	86804	tc/tt	{'tc': 2301, 'tt': 1}
86883	86884	tc/tt	{'tc': 2300, 'tt': 2}
87180	87181	tc/tt	{'tc': 2301, 'tt': 1}
87273	87274	tc/tt	{'tc': 2299, 'tt': 3}
87304	87305	tc/tt	{'tc': 2301, 'tt': 1}
87865	87866	tc/tt	{'tc': 2300, 'tt': 2}
87918	87919	tc/tt	{'tc': 2301, 'tt': 1}
87980	87981	tc/tt	{'tc': 2300, 'tt': 2}
88069	88070	tc/tt	{'tc': 2301, 'tt': 1}
88141	88142	tc/tt	{'tc': 2301, 'tt': 1}
88476	88477	tc/tt	{'tc': 2301, 'tt': 1}
88557	88558	tc/tt	{'tc': 2300, 'tt': 2}
88652	88653	tc/tt	{'tc': 2301, 'tt': 1}
88683	88684	tc/tt	{'tc': 2301, 'tt': 1}
88698	88699	tc/tt	{'tc': 2299, 'tt': 1, 'ta': 2}
88705	88706	tc/tt	{'tc': 2297, 'ty': 1, 'tt': 4}
88728	88729	tc/tt	{'tc': 2301, 'tt': 1}
88889	88890	tc/tt	{'tc': 2301, 'tt': 1}
88920	88921	tc/tt	{'tc': 2300, 'tt': 2}
89240	89241	tc/tt	{'tc': 2297, 'tt': 5}
89424	89425	tc/tt	{'tc': 2301, 'tt': 1}
90069	90070	tc/tt	{'tc': 2286, 'tt': 16}
90084	90085	tc/tt	{'tc': 2301, 'tt': 1}
90241	90242	tc/tt	{'tc': 2301, 'tt': 1}
90836	90837	tc/tt	{'tc': 2301, 'tt': 1}
91108	91109	tc/tt	{'tc': 2296, 'tt': 6}
91770	91771	tc/tt	{'tc': 2300, 'tt': 2}
92115	92116	tc/tt	{'tc': 2301, 'tt': 1}
92233	92234	tc/tt	{'tc': 2301, 'tt': 1}
92538	92539	tc/tt	{'tc': 2300, 'tt': 2}
92545	92546	tc/tt	{'tc': 2258, 'tt': 44}
92758	92759	tc/tt	{'tc': 2299, 'tt': 3}
92835	92836	tc/tt	{'tc': 2300, 'tt': 2}
92982	92983	tc/tt	{'tc': 2300, 'tt': 2}
93375	93376	tc/tt	{'tc': 2301, 'tt': 1}
93876	93877	tc/tt	{'tc': 2301, 'tt': 1}
93918	93919	tc/tt	{'tc': 2301, 'tt': 1}
94240	94241	tc/tt	{'tc': 2299, 'tt': 2, 'ty': 1}
94260	94261	tc/tt	{'tc': 2300, 'tt': 2}
94590	94591	tc/tt	{'tc': 2297, 'tt': 5}
95167	95168	tc/tt	{'tc': 2297, 'tt': 5}
95262	95263	tc/tt	{'tc': 2301, 'tt': 1}
96273	96274	tc/tt	{'tc': 2301, 'tt': 1}
96406	96407	tc/tt	{'tc': 2300, 'tt': 2}
96812	96813	tc/tt	{'tc': 2295, 'tt': 7}
97101	97102	tc/tt	{'tc': 2283, 'tt': 19}
97316	97317	tc/tt	{'tc': 2283, 'tt': 19}
97771	97772	tc/tt	{'tc': 2300, 'tt': 2}
98273	98274	tc/tt	{'tc': 2300, 'tt': 2}
98324	98325	tc/tt	{'tc': 2297, 'tt': 5}
98545	98546	tc/tt	{'tc': 2301, 'tt': 1}
98564	98565	tc/tt	{'tc': 2300, 'tt': 2}
98598	98599	tc/tt	{'tc': 2301, 'tt': 1}
99089	99090	tc/tt	{'tc': 2300, 'tt': 2}
99329	99330	tc/tt	{'tc': 2301, 'tt': 1}
99604	99605	tc/tt	{'tc': 2301, 'tt': 1}
99994	99995	tc/tt	{'tc': 2301, 'tt': 1}
100041	100042	tc/tt	{'tc': 2054, 'tt': 248}
100048	100049	tc/tt	{'tc': 2301, 'tt': 1}
100117	100118	tc/tt	{'tc': 2299, 'tt': 3}
100170	100171	tc/tt	{'tc': 2301, 'tt': 1}
100803	100804	tc/tt	{'tc': 2292, 'tt': 10}
100863	100864	tc/tt	{'tc': 2301, 'tt': 1}
100953	100954	tc/tt	{'tc': 2300, 'tt': 2}
101030	101031	tc/tt	{'tc': 2297, 'tt': 5}
101101	101102	tc/tt	{'tc': 2301, 'tt': 1}
101172	101173	tc/tt	{'tc': 2301, 'tt': 1}
101237	101238	tc/tt	{'tc': 2298, 'tt': 4}
101461	101462	tc/tt	{'tc': 2248, 'tt': 54}
101497	101498	tc/tt	{'tc': 2301, 'tt': 1}
101581	101582	tc/tt	{'tc': 2292, 'tt': 10}
101618	101619	tc/tt	{'tc': 2300, 'tt': 2}
101819	101820	tc/tt	{'tc': 2297, 'tt': 5}
101849	101850	tc/tt	{'tc': 2300, 'tt': 2}
102008	102009	tc/tt	{'tc': 2299, 'tt': 3}
102146	102147	tc/tt	{'tc': 2299, 'tt': 3}
102256	102257	tc/tt	{'tc': 2301, 'tt': 1}
102803	102804	tc/tt	{'tc': 2296, 'tt': 6}
103052	103053	tc/tt	{'tc': 2301, 'tt': 1}
103124	103125	tc/tt	{'tc': 2301, 'tt': 1}
103182	103183	tc/tt	{'tc': 2301, 'tt': 1}
103219	103220	tc/tt	{'tc': 2299, 'ty': 1, 'tt': 2}
103364	103365	tc/tt	{'tc': 2301, 'tt': 1}
103397	103398	tc/tt	{'tc': 2300, 'tt': 2}
103580	103581	tc/tt	{'tc': 2271, 'tt': 29, 'ty': 2}
103590	103591	tc/tt	{'tc': 2297, 'tt': 4, 'ty': 1}
103818	103819	tc/tt	{'tc': 2300, 'tt': 2}
103949	103950	tc/tt	{'tc': 2299, 'tt': 3}
103961	103962	tc/tt	{'tc': 2300, 'tt': 2}
104204	104205	tc/tt	{'tc': 2301, 'tt': 1}
104251	104252	tc/tt	{'tc': 2301, 'tt': 1}
104273	104274	tc/tt	{'tt': 2301, 'tc': 1}
104327	104328	tc/tt	{'tc': 2301, 'tt': 1}
104697	104698	tc/tt	{'tc': 2301, 'tt': 1}
104771	104772	tc/tt	{'tc': 2301, 'tt': 1}
104875	104876	tc/tt	{'tc': 2301, 'tt': 1}
105429	105430	tc/tt	{'tc': 2300, 'ty': 1, 'tt': 1}
105562	105563	tc/tt	{'tc': 2300, 'tt': 2}
105961	105962	tc/tt	{'tc': 2288, 'tt': 14}
105986	105987	tc/tt	{'tc': 2300, 'tt': 2}
105994	105995	tc/tt	{'tc': 2291, 'tt': 11}
106063	106064	tc/tt	{'tc': 2301, 'tt': 1}
106352	106353	tc/tt	{'tc': 2301, 'tt': 1}
106699	106700	tc/tt	{'tc': 2289, 'tt': 13}
106870	106871	tc/tt	{'tc': 2300, 'tt': 2}
106886	106887	tc/tt	{'tc': 2301, 'tt': 1}
106910	106911	tc/tt	{'tc': 2301, 'tt': 1}
107020	107021	tc/tt	{'tc': 2301, 'tt': 1}
107291	107292	tc/tt	{'tt': 2301, 'tc': 1}
107441	107442	tc/tt	{'tc': 2301, 'tt': 1}
107779	107780	tc/tt	{'tc': 2301, 'tt': 1}
108123	108124	tc/tt	{'tc': 2301, 'tt': 1}
108456	108457	tc/tt	{'tc': 2301, 'tt': 1}
108509	108510	tc/tt	{'tc': 2301, 'tt': 1}
108822	108823	tc/tt	{'tc': 2301, 'tt': 1}
108999	109000	tc/tt	{'tc': 2301, 'tt': 1}
109007	109008	tc/tt	{'tc': 2300, 'tt': 2}
109492	109493	tc/tt	{'tc': 2301, 'tt': 1}
109585	109586	tc/tt	{'tc': 2301, 'tt': 1}
109762	109763	tc/tt	{'tc': 2290, 'tt': 12}
109831	109832	tc/tt	{'tc': 2301, 'tt': 1}
109966	109967	tc/tt	{'tc': 2298, 'tt': 4}
109974	109975	tc/tt	{'tc': 2301, 'tt': 1}
110461	110462	tc/tt	{'tc': 2297, 'tt': 5}
111328	111329	tc/tt	{'tc': 2301, 'tt': 1}
111656	111657	tc/tt	{'tc': 2260, 'tt': 42}
111979	111980	tc/tt	{'tc': 2301, 'tt': 1}
112654	112655	tc/tt	{'tc': 2300, 'tt': 2}
112743	112744	tc/tt	{'tc': 2301, 'tt': 1}
113022	113023	tc/tt	{'tc': 2300, 'tt': 2}
113123	113124	tc/tt	{'tc': 2299, 'tt': 2, 'ty': 1}
113321	113322	tc/tt	{'tc': 2301, 'tt': 1}
113528	113529	tc/tt	{'tc': 2301, 'tt': 1}
113804	113805	tc/tt	{'tc': 2301, 'tt': 1}
113989	113990	tc/tt	{'tc': 2301, 'tt': 1}
114110	114111	tc/tt	{'tc': 2300, 'tt': 2}
114122	114123	tc/tt	{'tc': 2055, 'tt': 247}
114229	114230	tc/tt	{'tc': 2301, 'tt': 1}
114232	114233	tc/tt	{'tc': 2301, 'tt': 1}
114264	114265	tc/tt	{'tc': 2300, 'tt': 2}
114458	114459	tc/tt	{'tc': 2301, 'tt': 1}
114631	114632	tc/tt	{'tc': 2160, 'tt': 142}
114660	114661	tc/tt	{'tc': 2301, 'tt': 1}
115112	115113	tc/tt	{'tc': 2054, 'tt': 248}
115120	115121	tc/tt	{'tc': 2289, 'tt': 13}
115275	115276	tc/tt	{'tc': 2301, 'tt': 1}
115378	115379	tc/tt	{'tc': 2301, 'tt': 1}
115544	115545	tc/tt	{'tc': 2301, 'tt': 1}
116035	116036	tc/tt	{'tc': 2300, 'tt': 1, 'tn': 1}
116040	116041	tc/tt	{'tc': 2294, 'tt': 8}
116136	116137	tc/tt	{'tc': 2300, 'tt': 2}
116145	116146	tc/tt	{'tc': 2301, 'tt': 1}
116265	116266	tc/tt	{'tc': 2299, 'tt': 3}
116301	116302	tc/tt	{'tc': 2301, 'tt': 1}
116340	116341	tc/tt	{'tc': 2283, 'tt': 18, 'ty': 1}
116912	116913	tc/tt	{'tc': 2301, 'tt': 1}
117284	117285	tc/tt	{'tc': 2301, 'tt': 1}
117869	117870	tc/tt	{'tc': 2301, 'tt': 1}
117904	117905	tc/tt	{'tc': 2296, 'tt': 6}
117959	117960	tc/tt	{'tc': 2301, 'tt': 1}
118022	118023	tc/tt	{'tc': 2299, 'tt': 3}
118143	118144	tc/tt	{'tc': 2301, 'tt': 1}
118326	118327	tc/tt	{'tc': 2297, 'tt': 4, 'ty': 1}
118415	118416	tc/tt	{'tc': 2300, 'tt': 2}
118461	118462	tc/tt	{'tc': 2301, 'tt': 1}
118495	118496	tc/tt	{'tc': 2300, 'tt': 2}
118586	118587	tc/tt	{'tc': 2299, 'tt': 3}
118769	118770	tc/tt	{'tc': 2301, 'tt': 1}
118848	118849	tc/tt	{'tc': 2296, 'tt': 3, 'ty': 3}
118914	118915	tc/tt	{'tc': 2294, 'tt': 8}
119461	119462	tc/tt	{'tt': 2301, 'tc': 1}
120003	120004	tc/tt	{'tc': 2281, 'tt': 17, 'ty': 4}
120549	120550	tc/tt	{'tc': 2299, 'ty': 1, 'tt': 2}
120590	120591	tc/tt	{'tc': 2300, 'tt': 2}
120742	120743	tc/tt	{'tc': 2300, 'tt': 2}
120777	120778	tc/tt	{'tc': 2294, 'tt': 8}
120836	120837	tc/tt	{'tc': 2301, 'tt': 1}
120912	120913	tc/tt	{'tt': 2301, 'tc': 1}
120971	120972	tc/tt	{'tc': 2301, 'tt': 1}
121269	121270	tc/tt	{'tc': 2297, 'tt': 5}
121513	121514	tc/tt	{'tc': 2301, 'tt': 1}
121656	121657	tc/tt	{'tc': 2300, 'tt': 2}
121846	121847	tc/tt	{'tc': 2301, 'tt': 1}
121934	121935	tc/tt	{'tc': 2301, 'tt': 1}
122269	122270	tc/tt	{'tc': 2301, 'tt': 1}
122612	122613	tc/tt	{'tc': 2301, 'tt': 1}
122676	122677	tc/tt	{'tc': 2301, 'tt': 1}
122902	122903	tc/tt	{'tc': 2301, 'tt': 1}
123101	123102	tc/tt	{'tc': 2290, 'tt': 12}
123422	123423	tc/tt	{'tc': 2300, 'tt': 1, 'nc': 1}
123617	123618	tc/tt	{'tc': 2297, 'tt': 5}
123846	123847	tc/tt	{'tc': 2301, 'tt': 1}
123968	123969	tc/tt	{'tc': 2301, 'tt': 1}
124207	124208	tc/tt	{'tc': 2301, 'tt': 1}
124286	124287	tc/tt	{'tc': 2300, 'tt': 2}
124660	124661	tc/tt	{'tc': 2293, 'tt': 8, 'ty': 1}
124723	124724	tc/tt	{'tc': 2301, 'tt': 1}
125071	125072	tc/tt	{'tc': 2299, 'tt': 3}
125243	125244	tc/tt	{'tc': 2300, 'tt': 2}
125311	125312	tc/tt	{'tc': 2301, 'tt': 1}
125321	125322	tc/tt	{'tc': 2301, 'tt': 1}
125414	125415	tc/tt	{'tc': 2291, 'tt': 11}
125444	125445	tc/tt	{'tc': 2301, 'tt': 1}
125480	125481	tc/tt	{'tc': 2297, 'tt': 5}
125581	125582	tc/tt	{'tc': 2301, 'tt': 1}
125829	125830	tc/tt	{'tc': 2299, 'tt': 3}
125871	125872	tc/tt	{'tc': 2301, 'tt': 1}
126034	126035	tc/tt	{'tc': 2301, 'tt': 1}
126273	126274	tc/tt	{'tc': 2301, 'tt': 1}
126371	126372	tc/tt	{'tc': 2301, 'tt': 1}
126805	126806	tc/tt	{'tc': 2301, 'tt': 1}
126876	126877	tc/tt	{'tc': 2301, 'tt': 1}
127375	127376	tc/tt	{'tc': 2301, 'tt': 1}
127384	127385	tc/tt	{'tc': 2300, 'tt': 2}
127429	127430	tc/tt	{'tc': 2301, 'tt': 1}
127643	127644	tc/tt	{'tc': 2301, 'tt': 1}
127675	127676	tc/tt	{'tc': 2301, 'tt': 1}
127699	127700	tc/tt	{'tc': 2298, 'tt': 3, 'ty': 1}
127797	127798	tc/tt	{'tc': 2301, 'tt': 1}
128832	128833	tc/tt	{'tc': 2301, 'tt': 1}
128867	128868	tc/tt	{'tt': 2301, 'tc': 1}
128893	128894	tc/tt	{'tc': 2301, 'tt': 1}
129436	129437	tc/tt	{'tc': 2301, 'tt': 1}
129787	129788	tc/tt	{'tc': 2301, 'tt': 1}
129835	129836	tc/tt	{'tc': 2301, 'tt': 1}
130249	130250	tc/tt	{'tc': 2300, 'tt': 2}
130777	130778	tc/tt	{'tc': 2300, 'tt': 2}
131188	131189	tc/tt	{'tc': 2301, 'tt': 1}
131234	131235	tc/tt	{'tc': 2301, 'tt': 1}
131530	131531	tc/tt	{'tc': 2300, 'tt': 2}
132079	132080	tc/tt	{'tc': 2301, 'tt': 1}
132581	132582	tc/tt	{'tc': 2300, 'tt': 2}
132611	132612	tc/tt	{'tc': 2299, 'tt': 3}
132673	132674	tc/tt	{'tc': 2278, 'tt': 23, '--': 1}
132691	132692	tc/tt	{'tc': 2281, 'tt': 21}
132851	132852	tc/tt	{'tc': 2300, 'tt': 2}
133105	133106	tc/tt	{'tc': 2296, 'tt': 6}
133111	133112	tc/tt	{'tc': 2299, 'tt': 3}
133310	133311	tc/tt	{'tt': 2269, 'nn': 3, 'tn': 3, '-t': 1, '--': 4, 'tc': 22}
133323	133324	tc/tt	{'tc': 2284, 'nc': 9, 'ty': 2, 'nn': 3, 'tn': 2, 'tt': 2}
133396	133397	tc/tt	{'tc': 2300, 'tt': 1, '--': 1}
133444	133445	tc/tt	{'tc': 2300, 'tt': 2}
133509	133510	tc/tt	{'tc': 2301, 'tt': 1}
133589	133590	tc/tt	{'tc': 2301, 'tt': 1}
133616	133617	tc/tt	{'tc': 2293, 'tt': 9}
133667	133668	tc/tt	{'tc': 2286, 'tt': 14, 'ty': 2}
133771	133772	tc/tt	{'tc': 2294, 'tt': 8}
133884	133885	tc/tt	{'tc': 2298, 'tt': 4}
133930	133931	tc/tt	{'tc': 2299, 'tt': 3}
133952	133953	tc/tt	{'tt': 2301, 'tc': 1}
133982	133983	tc/tt	{'tc': 2301, 'tt': 1}
134038	134039	tc/tt	{'tc': 2300, 'tt': 1, 'ta': 1}
134078	134079	tc/tt	{'tc': 2301, 'tt': 1}
134081	134082	tc/tt	{'tc': 2300, 'tt': 2}
134092	134093	tc/tt	{'tc': 2301, 'tt': 1}
134280	134281	tc/tt	{'tc': 2299, 'tt': 3}
134419	134420	tc/tt	{'tc': 2301, 'tt': 1}
134638	134639	tc/tt	{'tc': 2301, 'tt': 1}
134662	134663	tc/tt	{'tc': 2295, 'tt': 7}
134667	134668	tc/tt	{'tc': 2298, 'tt': 4}
134710	134711	tc/tt	{'tc': 2299, 'tt': 3}
134790	134791	tc/tt	{'tc': 2281, 'tt': 21}
135028	135029	tc/tt	{'tc': 2300, 'tt': 2}
135061	135062	tc/tt	{'tc': 2301, 'tt': 1}
135238	135239	tc/tt	{'tc': 2301, 'tt': 1}
135917	135918	tc/tt	{'tc': 2299, 'tt': 3}
135952	135953	tc/tt	{'tc': 2301, 'tt': 1}
135976	135977	tc/tt	{'tc': 2301, 'tt': 1}
136213	136214	tc/tt	{'tc': 2301, 'tt': 1}
136249	136250	tc/tt	{'tc': 2301, 'tt': 1}
136368	136369	tc/tt	{'tc': 2301, 'tt': 1}
136588	136589	tc/tt	{'tc': 2301, 'tt': 1}
136706	136707	tc/tt	{'tc': 2292, 'tt': 10}
136813	136814	tc/tt	{'tc': 2301, 'tt': 1}
137213	137214	tc/tt	{'tc': 2285, 'tt': 17}
137567	137568	tc/tt	{'tc': 2286, 'tt': 16}
137749	137750	tc/tt	{'tc': 2301, 'tt': 1}
137903	137904	tc/tt	{'tc': 2274, 'tt': 28}
138063	138064	tc/tt	{'tc': 2301, 'tt': 1}
138405	138406	tc/tt	{'tc': 2301, 'tt': 1}
138410	138411	tc/tt	{'tc': 2294, 'tt': 8}
139198	139199	tc/tt	{'tc': 2300, 'tt': 2}
139297	139298	tc/tt	{'tc': 2300, 'ty': 1, 'tt': 1}
140017	140018	tc/tt	{'tc': 2293, 'tt': 9}
140317	140318	tc/tt	{'tc': 2297, 'tt': 5}
140345	140346	tc/tt	{'tt': 2300, 'tc': 2}
140498	140499	tc/tt	{'tc': 2301, 'tt': 1}
140666	140667	tc/tt	{'tc': 2301, 'tt': 1}
141319	141320	tc/tt	{'tc': 2288, 'tt': 14}
141508	141509	tc/tt	{'tc': 2291, 'tt': 11}
141561	141562	tc/tt	{'tc': 2299, 'tt': 3}
141593	141594	tc/tt	{'tc': 2301, 'tt': 1}
141684	141685	tc/tt	{'tc': 2299, 'tt': 3}
141732	141733	tc/tt	{'tc': 2301, 'tt': 1}
141735	141736	tc/tt	{'tc': 2298, 'tt': 4}
141999	142000	tc/tt	{'tc': 2297, 'tt': 5}
142391	142392	tc/tt	{'tc': 2301, 'tt': 1}
142598	142599	tc/tt	{'tc': 2300, 'ta': 1, 'tt': 1}
142645	142646	tc/tt	{'tc': 2301, 'tt': 1}
142671	142672	tc/tt	{'tc': 2297, 'tt': 5}
142740	142741	tc/tt	{'tc': 2299, 'tt': 3}
142787	142788	tc/tt	{'tc': 2300, 'tt': 2}
142849	142850	tc/tt	{'tc': 2301, 'tt': 1}
143039	143040	tc/tt	{'tc': 2049, 'tt': 253}
143228	143229	tc/tt	{'tc': 2298, 'tt': 4}
143285	143286	tc/tt	{'tc': 2298, 'tt': 4}
143316	143317	tc/tt	{'tc': 2300, 'tt': 2}
143519	143520	tc/tt	{'tc': 2293, 'tt': 9}
143793	143794	tc/tt	{'tc': 2296, 'tt': 6}
144087	144088	tc/tt	{'tc': 2301, 'tt': 1}
144239	144240	tc/tt	{'tc': 2301, 'tt': 1}
144441	144442	tc/tt	{'tc': 2301, 'tt': 1}
144453	144454	tc/tt	{'tc': 2299, 'tt': 2, 'nc': 1}
144490	144491	tc/tt	{'tc': 2300, 'ty': 1, 'tt': 1}
144498	144499	tc/tt	{'tc': 2296, 'tt': 6}
144572	144573	tc/tt	{'tc': 2300, 'tt': 2}
144598	144599	tc/tt	{'tc': 2301, 'tt': 1}
144647	144648	tc/tt	{'tc': 2301, 'tt': 1}
145074	145075	tc/tt	{'tc': 2301, 'tt': 1}
145406	145407	tc/tt	{'tc': 2301, 'tt': 1}
145527	145528	tc/tt	{'tc': 2299, 'tt': 3}
146455	146456	tc/tt	{'tc': 2301, 'tt': 1}
146492	146493	tc/tt	{'tc': 2298, 'ty': 1, 'tt': 3}
146507	146508	tc/tt	{'tc': 2296, 'tt': 6}
146618	146619	tc/tt	{'tc': 2301, 'tt': 1}
146672	146673	tc/tt	{'tc': 2300, 'tt': 2}
146849	146850	tc/tt	{'tc': 2301, 'tt': 1}
147058	147059	tc/tt	{'tc': 2301, 'tt': 1}
147260	147261	tc/tt	{'tc': 2300, 'tt': 2}
147287	147288	tc/tt	{'tc': 2301, 'tt': 1}
147389	147390	tc/tt	{'tc': 2300, 'tt': 2}
147408	147409	tc/tt	{'tc': 2301, 'tt': 1}
147417	147418	tc/tt	{'tc': 2284, 'tt': 18}
147882	147883	tc/tt	{'tc': 2301, 'tt': 1}
148471	148472	tc/tt	{'tc': 2301, 'tt': 1}
148520	148521	tc/tt	{'tc': 2292, 'tt': 9, 'nc': 1}
148643	148644	tc/tt	{'tc': 2300, 'tt': 2}
148655	148656	tc/tt	{'tc': 2300, 'tt': 2}
148787	148788	tc/tt	{'tc': 2301, 'tt': 1}
149024	149025	tc/tt	{'tc': 2298, 'tt': 4}
149079	149080	tc/tt	{'tc': 2290, 'tt': 12}
149186	149187	tc/tt	{'tc': 2295, 'tt': 7}
149310	149311	tc/tt	{'tc': 2301, 'tt': 1}
149376	149377	tc/tt	{'tc': 2300, 'tt': 2}
149436	149437	tc/tt	{'tc': 2300, 'tt': 2}
149617	149618	tc/tt	{'tc': 2294, 'tt': 8}
149780	149781	tc/tt	{'tc': 2257, 'tt': 45}
149798	149799	tc/tt	{'tc': 2301, 'tt': 1}
149969	149970	tc/tt	{'tc': 2300, 'tt': 2}
149986	149987	tc/tt	{'tc': 2294, 'tt': 8}
150017	150018	tc/tt	{'tc': 2301, 'tt': 1}
150120	150121	tc/tt	{'tc': 2295, 'tt': 7}
150216	150217	tc/tt	{'tc': 2008, 'tt': 294}
150393	150394	tc/tt	{'tc': 2300, 'tn': 1, 'tt': 1}
150645	150646	tc/tt	{'tc': 2298, 'tt': 4}
150722	150723	tc/tt	{'tt': 2301, 'tc': 1}
151172	151173	tc/tt	{'tc': 2297, 'tt': 5}
151178	151179	tc/tt	{'tc': 2241, 'tt': 61}
151189	151190	tc/tt	{'tc': 2292, 'tt': 10}
151397	151398	tc/tt	{'tc': 2301, 'tt': 1}
151424	151425	tc/tt	{'tc': 2298, 'tt': 4}
151518	151519	tc/tt	{'tc': 2299, 'tt': 3}
151560	151561	tc/tt	{'tc': 2300, 'tt': 2}
151758	151759	tc/tt	{'tc': 2300, 'tt': 2}
151781	151782	tc/tt	{'tc': 2301, 'tt': 1}
151973	151974	tc/tt	{'tc': 2300, 'tt': 2}
152018	152019	tc/tt	{'tc': 2301, 'tt': 1}
152145	152146	tc/tt	{'tc': 2301, 'tt': 1}
152538	152539	tc/tt	{'tc': 2301, 'tt': 1}
152597	152598	tc/tt	{'tc': 2301, 'tt': 1}
152605	152606	tc/tt	{'tc': 2301, 'tt': 1}
152792	152793	tc/tt	{'tc': 2301, 'tt': 1}
153084	153085	tc/tt	{'tc': 2299, 'tt': 3}
153320	153321	tc/tt	{'tc': 2300, 'tt': 2}
153451	153452	tc/tt	{'tc': 2300, 'tt': 1, 'ty': 1}
153836	153837	tc/tt	{'tc': 2301, 'tt': 1}
153989	153990	tc/tt	{'tc': 2301, 'tt': 1}
154076	154077	tc/tt	{'tc': 2243, 'tt': 59}
154331	154332	tc/tt	{'tc': 2301, 'tt': 1}
154755	154756	tc/tt	{'tc': 2301, 'tt': 1}
155556	155557	tc/tt	{'tc': 2298, 'tt': 4}
155675	155676	tc/tt	{'tc': 2300, 'tt': 2}
155964	155965	tc/tt	{'tc': 2301, 'tt': 1}
156470	156471	tc/tt	{'tc': 2299, 'tt': 3}
156552	156553	tc/tt	{'tc': 2300, 'tt': 2}
156776	156777	tc/tt	{'tc': 2294, 'ty': 1, 'tt': 7}
156784	156785	tc/tt	{'tc': 2299, 'tt': 3}
156856	156857	tc/tt	{'tc': 2301, 'tt': 1}
156886	156887	tc/tt	{'tc': 2301, 'tt': 1}
156963	156964	tc/tt	{'tc': 2300, 'tt': 2}
157002	157003	tc/tt	{'tc': 2301, 'tt': 1}
157052	157053	tc/tt	{'tc': 2301, 'tt': 1}
157174	157175	tc/tt	{'tc': 2301, 'tt': 1}
157367	157368	tc/tt	{'tc': 2300, 'tt': 2}
157716	157717	tc/tt	{'tc': 2300, 'tt': 1, '--': 1}
157807	157808	tc/tt	{'tc': 2300, 'tt': 1, '--': 1}
157835	157836	tc/tt	{'tc': 2299, 'tt': 2, '--': 1}
157875	157876	tc/tt	{'tt': 2286, 'tc': 14, 'tn': 1, '--': 1}
157946	157947	tc/tt	{'tc': 2299, 'tt': 2, '--': 1}
157980	157981	tc/tt	{'tc': 2300, 'tt': 1, '--': 1}
158153	158154	tc/tt	{'tc': 2300, 'tt': 1, '--': 1}
158189	158190	tc/tt	{'tc': 2300, 'tt': 1, '--': 1}
158202	158203	tc/tt	{'tc': 2299, 'tt': 1, 'ty': 1, '--': 1}
158275	158276	tc/tt	{'tc': 2300, 'tt': 1, '--': 1}
158388	158389	tc/tt	{'tc': 2299, 'tt': 2, '--': 1}
158614	158615	tc/tt	{'tc': 2300, 'tt': 1, '--': 1}
158770	158771	tc/tt	{'tc': 2300, 'tt': 1, '--': 1}
158835	158836	tc/tt	{'tc': 2300, '--': 1, 'tt': 1}
159046	159047	tc/tt	{'tc': 2300, 'tt': 1, '--': 1}
159528	159529	tc/tt	{'tc': 2300, 'tt': 1, '--': 1}
159579	159580	tc/tt	{'tc': 2300, 'tt': 1, '--': 1}
159880	159881	tc/tt	{'tc': 2299, 'tt': 2, '--': 1}
159956	159957	tc/tt	{'tc': 2300, 'tt': 1, '--': 1}
160127	160128	tc/tt	{'tc': 2296, 'tt': 5, '--': 1}
160203	160204	tc/tt	{'tc': 2301, 'tt': 1}
160436	160437	tc/tt	{'tc': 2301, 'tt': 1}
160537	160538	tc/tt	{'tc': 2192, 'nn': 1, 'ty': 1, 'tt': 108}
160666	160667	tc/tt	{'tc': 2301, 'tt': 1}
160774	160775	tc/tt	{'tc': 2291, 'tt': 11}
160890	160891	tc/tt	{'tc': 2301, 'tt': 1}
161802	161803	tc/tt	{'tc': 2301, 'tt': 1}
161964	161965	tc/tt	{'tc': 2294, 'tt': 8}
162047	162048	tc/tt	{'tc': 2300, 'tt': 2}
162265	162266	tc/tt	{'tc': 2298, 'tt': 4}
162523	162524	tc/tt	{'tc': 2301, 'tt': 1}
162569	162570	tc/tt	{'tc': 2301, 'tt': 1}
162581	162582	tc/tt	{'tc': 2301, 'tt': 1}
162588	162589	tc/tt	{'tc': 2301, 'tt': 1}
162651	162652	tc/tt	{'tc': 2291, 'tt': 11}
162679	162680	tc/tt	{'tt': 2301, 'tc': 1}
162754	162755	tc/tt	{'tc': 2291, 'tt': 11}
162869	162870	tc/tt	{'tc': 2299, 'tt': 3}
162913	162914	tc/tt	{'tc': 2298, 'tt': 4}
162995	162996	tc/tt	{'tc': 2301, 'tt': 1}
163316	163317	tc/tt	{'tc': 2301, 'tt': 1}
163641	163642	tc/tt	{'tc': 2301, 'tt': 1}
163772	163773	tc/tt	{'tc': 2301, 'tt': 1}
164001	164002	tc/tt	{'tc': 2301, 'tt': 1}
164009	164010	tc/tt	{'tc': 2300, 'tt': 1, 'cc': 1}
164059	164060	tc/tt	{'tc': 2296, 'tt': 6}
164444	164445	tc/tt	{'tc': 2294, 'tt': 8}
164620	164621	tc/tt	{'tc': 2297, 'tt': 4, 'ty': 1}
164695	164696	tc/tt	{'tc': 2301, 'tt': 1}
164733	164734	tc/tt	{'tc': 1999, 'tt': 303}
165180	165181	tc/tt	{'tt': 2301, 'tc': 1}
165292	165293	tc/tt	{'tc': 2301, 'tt': 1}
165525	165526	tc/tt	{'tc': 2301, 'tt': 1}
165626	165627	tc/tt	{'tc': 2301, 'tt': 1}
165649	165650	tc/tt	{'tc': 2301, 'tt': 1}
165866	165867	tc/tt	{'tc': 2301, 'tt': 1}
165934	165935	tc/tt	{'tc': 2300, 'tt': 2}
166078	166079	tc/tt	{'tc': 2301, 'tt': 1}
166130	166131	tc/tt	{'tc': 2301, 'tt': 1}
166562	166563	tc/tt	{'tc': 2292, 'tt': 10}
166748	166749	tc/tt	{'tc': 2300, 'tt': 2}
167288	167289	tc/tt	{'tc': 1849, 'tt': 453}
167579	167580	tc/tt	{'tc': 2301, 'tt': 1}
168024	168025	tc/tt	{'tc': 2301, 'tt': 1}
168029	168030	tc/tt	{'tc': 2301, 'tt': 1}
168140	168141	tc/tt	{'tc': 2300, 'tt': 2}
168269	168270	tc/tt	{'tc': 2301, 'tt': 1}
168468	168469	tc/tt	{'tt': 2301, 'tc': 1}
168574	168575	tc/tt	{'tc': 2301, 'tt': 1}
168612	168613	tc/tt	{'tc': 2301, 'tt': 1}
168616	168617	tc/tt	{'tc': 2225, 'tt': 77}
168863	168864	tc/tt	{'tc': 2301, 'tt': 1}
168992	168993	tc/tt	{'tc': 2301, 'tt': 1}
169009	169010	tc/tt	{'tc': 2299, 'tt': 3}
169061	169062	tc/tt	{'tc': 2301, 'tt': 1}
169085	169086	tc/tt	{'tc': 2301, 'tt': 1}
169158	169159	tc/tt	{'tc': 2300, 'tt': 2}
169291	169292	tc/tt	{'tc': 2301, 'tt': 1}
169384	169385	tc/tt	{'tc': 2301, 'tt': 1}
169393	169394	tc/tt	{'tc': 2301, 'tt': 1}
169593	169594	tc/tt	{'tc': 2301, 'tt': 1}
169691	169692	tc/tt	{'tc': 2301, 'tt': 1}
169877	169878	tc/tt	{'tc': 2300, 'tt': 2}
169883	169884	tc/tt	{'tc': 2300, 'tt': 1, 'ty': 1}
169981	169982	tc/tt	{'tc': 2301, 'tt': 1}
170346	170347	tc/tt	{'tc': 2292, 'tt': 10}
170398	170399	tc/tt	{'tc': 2298, 'tt': 2, 'tn': 1, 'ty': 1}
170437	170438	tc/tt	{'tc': 2300, 'tt': 2}
170463	170464	tc/tt	{'tc': 2301, 'tt': 1}
170479	170480	tc/tt	{'tc': 2300, 'tt': 2}
170922	170923	tc/tt	{'tc': 2033, 'tt': 269}
170973	170974	tc/tt	{'tc': 2301, 'tt': 1}
171141	171142	tc/tt	{'tc': 2300, 'tt': 2}
171350	171351	tc/tt	{'tc': 2300, 'tt': 2}
171510	171511	tc/tt	{'tc': 2301, 'tt': 1}
172145	172146	tc/tt	{'tc': 2301, 'tt': 1}
172159	172160	tc/tt	{'tc': 2289, 'tt': 12, 'ty': 1}
172532	172533	tc/tt	{'tc': 2301, 'tt': 1}
172610	172611	tc/tt	{'tc': 2301, 'tt': 1}
172667	172668	tc/tt	{'tc': 2300, 'tt': 2}
172705	172706	tc/tt	{'tc': 2275, 'tt': 27}
172909	172910	tc/tt	{'tc': 2301, 'tt': 1}
173144	173145	tc/tt	{'tc': 2301, 'tt': 1}
173417	173418	tc/tt	{'tc': 2301, 'tt': 1}
173466	173467	tc/tt	{'tc': 2271, 'tt': 29, 'ty': 2}
173525	173526	tc/tt	{'tc': 2300, 'tt': 2}
174604	174605	tc/tt	{'tc': 2301, 'tt': 1}
174637	174638	tc/tt	{'tc': 2292, 'tt': 10}
175429	175430	tc/tt	{'tc': 2300, 'tt': 2}
175484	175485	tc/tt	{'tc': 2299, 'tt': 3}
175554	175555	tc/tt	{'tc': 2301, 'tt': 1}
175828	175829	tc/tt	{'tc': 2294, 'tt': 7, 'ty': 1}
176054	176055	tc/tt	{'tc': 2301, 'tt': 1}
176271	176272	tc/tt	{'tc': 2301, 'tt': 1}
176340	176341	tc/tt	{'tc': 2301, 'tt': 1}
177235	177236	tc/tt	{'tc': 2299, 'tt': 3}
177250	177251	tc/tt	{'tc': 2299, 'tt': 3}
177692	177693	tc/tt	{'tc': 2301, 'tt': 1}
177748	177749	tc/tt	{'tc': 2300, 'tt': 2}
177857	177858	tc/tt	{'tc': 2301, 'tt': 1}
177873	177874	tc/tt	{'tc': 2301, 'tt': 1}
178102	178103	tc/tt	{'tc': 2301, 'tt': 1}
178207	178208	tc/tt	{'tc': 2301, 'tt': 1}
178219	178220	tc/tt	{'tc': 2301, 'tt': 1}
178296	178297	tc/tt	{'tc': 2297, 'tt': 5}
178313	178314	tc/tt	{'tc': 2301, 'tt': 1}
178340	178341	tc/tt	{'tc': 2301, 'tt': 1}
178427	178428	tc/tt	{'tc': 2299, 'ty': 1, 'tt': 2}
178441	178442	tc/tt	{'tc': 2300, '--': 1, 'tt': 1}
178459	178460	tc/tt	{'tc': 2300, 'tt': 2}
178493	178494	tc/tt	{'tc': 2000, 'tt': 302}
178511	178512	tc/tt	{'tc': 2301, 'tt': 1}
178565	178566	tc/tt	{'tc': 2301, 'tt': 1}
178916	178917	tc/tt	{'tc': 2301, 'tt': 1}
178972	178973	tc/tt	{'tc': 2299, 'tt': 3}
179140	179141	tc/tt	{'tc': 2300, 'tt': 2}
179163	179164	tc/tt	{'tc': 2298, 'tt': 4}
179445	179446	tc/tt	{'tc': 2301, 'tt': 1}
180091	180092	tc/tt	{'tc': 2298, 'tt': 4}
180302	180303	tc/tt	{'tc': 2295, 'tt': 7}
180369	180370	tc/tt	{'tc': 2276, 'ty': 2, 'tt': 24}
180442	180443	tc/tt	{'tc': 2292, 'tt': 10}
180685	180686	tc/tt	{'tc': 2291, 'tt': 11}
180887	180888	tc/tt	{'tc': 2300, 'tt': 2}
181032	181033	tc/tt	{'tc': 2301, 'tt': 1}
181438	181439	tc/tt	{'tc': 2263, 'tt': 39}
181450	181451	tc/tt	{'tc': 2290, 'tt': 12}
181454	181455	tc/tt	{'tc': 2287, 'tt': 15}
181518	181519	tc/tt	{'tc': 2300, 'tt': 2}
181657	181658	tc/tt	{'tc': 2301, 'tt': 1}
181794	181795	tc/tt	{'tc': 2299, 'tt': 2, 'ty': 1}
181806	181807	tc/tt	{'tc': 2301, 'tt': 1}
182041	182042	tc/tt	{'tc': 2299, 'tt': 2, 'ty': 1}
182048	182049	tc/tt	{'tc': 2301, 'tt': 1}
182329	182330	tc/tt	{'tc': 2301, 'tt': 1}
182640	182641	tc/tt	{'tc': 2301, 'tt': 1}
182650	182651	tc/tt	{'tc': 2301, 'tt': 1}
182881	182882	tc/tt	{'tc': 2301, 'tt': 1}
183108	183109	tc/tt	{'tc': 2301, 'tt': 1}
183412	183413	tc/tt	{'tc': 2282, 'tt': 20}
183430	183431	tc/tt	{'tc': 2299, 'tt': 3}
183541	183542	tc/tt	{'tc': 2301, 'tt': 1}
183595	183596	tc/tt	{'tc': 2301, 'tt': 1}
183784	183785	tc/tt	{'tc': 2290, 'tt': 12}
183802	183803	tc/tt	{'tc': 2301, 'tt': 1}
183940	183941	tc/tt	{'tc': 2300, 'tt': 2}
184054	184055	tc/tt	{'tc': 2299, 'tt': 1, 't-': 2}
184263	184264	tc/tt	{'tc': 2301, 'tt': 1}
184268	184269	tc/tt	{'tc': 2300, 'tt': 2}
184353	184354	tc/tt	{'tt': 2301, 'tc': 1}
184440	184441	tc/tt	{'tc': 2301, 'tt': 1}
184635	184636	tc/tt	{'tc': 2299, 'tt': 3}
184725	184726	tc/tt	{'tc': 2299, 'tt': 3}
185665	185666	tc/tt	{'tc': 2295, 'tt': 7}
185772	185773	tc/tt	{'tc': 2300, 'tt': 2}
186012	186013	tc/tt	{'tc': 2297, 'ty': 2, 'tt': 3}
186567	186568	tc/tt	{'tc': 2301, 'tt': 1}
186960	186961	tc/tt	{'tc': 2299, 'tt': 3}
187089	187090	tc/tt	{'tc': 2300, 'tt': 2}
187434	187435	tc/tt	{'tc': 2301, 'tt': 1}
187437	187438	tc/tt	{'tc': 2301, 'tt': 1}
187990	187991	tc/tt	{'tc': 2298, 'tt': 4}
188000	188001	tc/tt	{'tc': 2300, 'tt': 2}
188168	188169	tc/tt	{'tc': 2299, 'tt': 3}
188264	188265	tc/tt	{'tt': 2301, 'tc': 1}
188288	188289	tc/tt	{'tc': 2297, 'tt': 5}
188350	188351	tc/tt	{'tc': 2301, 'tt': 1}
188381	188382	tc/tt	{'tc': 2301, 'tt': 1}
188456	188457	tc/tt	{'tc': 1998, 'tt': 304}
188550	188551	tc/tt	{'tt': 2301, 'tc': 1}
188588	188589	tc/tt	{'tc': 2301, 'tt': 1}
188642	188643	tc/tt	{'tc': 2300, 'tt': 1, 'ty': 1}
188707	188708	tc/tt	{'tc': 2264, 'tt': 38}
188872	188873	tc/tt	{'tc': 2291, 'tt': 11}
188881	188882	tc/tt	{'tc': 2301, 'tt': 1}
189017	189018	tc/tt	{'tc': 2295, 'tt': 7}
189072	189073	tc/tt	{'tc': 2300, 'tt': 2}
189088	189089	tc/tt	{'tc': 2300, 'tt': 2}
189175	189176	tc/tt	{'tc': 2300, 'tt': 2}
189327	189328	tc/tt	{'tc': 2299, 'tt': 3}
189339	189340	tc/tt	{'tc': 2301, 'tt': 1}
189402	189403	tc/tt	{'tc': 2295, 'tt': 7}
189519	189520	tc/tt	{'tc': 2296, 'tt': 6}
189540	189541	tc/tt	{'tc': 2289, 'tt': 13}
189630	189631	tc/tt	{'tt': 2301, 'tc': 1}
189639	189640	tc/tt	{'tc': 2299, 'tt': 3}
189782	189783	tc/tt	{'tc': 2048, 'tt': 254}
190021	190022	tc/tt	{'tc': 2301, 'tt': 1}
190263	190264	tc/tt	{'tc': 2300, 'tt': 2}
190372	190373	tc/tt	{'tc': 2300, 'tt': 2}
190466	190467	tc/tt	{'tc': 2301, 'tt': 1}
190478	190479	tc/tt	{'tc': 2301, 'tt': 1}
190505	190506	tc/tt	{'tc': 2301, 'tt': 1}
190546	190547	tc/tt	{'tc': 2301, 'tt': 1}
190573	190574	tc/tt	{'tc': 2301, 'tt': 1}
190832	190833	tc/tt	{'tc': 2300, 'tt': 2}
190844	190845	tc/tt	{'tc': 2300, 'tt': 2}
190903	190904	tc/tt	{'tc': 2301, 'tt': 1}
191105	191106	tc/tt	{'tc': 2297, 'tt': 5}
191112	191113	tc/tt	{'tc': 2298, 'tt': 4}
191281	191282	tc/tt	{'tc': 2300, 'tt': 2}
191505	191506	tc/tt	{'tc': 2298, 'tt': 4}
191523	191524	tc/tt	{'tc': 2301, 'tt': 1}
247	248	ga/aa	{'ga': 2285, '--': 15, 'aa': 2}
318	319	ga/aa	{'ga': 2278, '--': 14, 'aa': 10}
367	368	ga/aa	{'aa': 2289, '--': 12, 'ga': 1}
488	489	ga/aa	{'aa': 2300, '--': 1, 'ga': 1}
496	497	ga/aa	{'ga': 2298, '--': 1, 'aa': 3}
614	615	ga/aa	{'ga': 2301, 'aa': 1}
948	949	ga/aa	{'ga': 2299, 'aa': 3}
1230	1231	ga/aa	{'ga': 2301, 'aa': 1}
1308	1309	ga/aa	{'aa': 2262, 'ga': 40}
1348	1349	ga/aa	{'ga': 2301, 'aa': 1}
1542	1543	ga/aa	{'ga': 2301, 'aa': 1}
1548	1549	ga/aa	{'ga': 2301, 'aa': 1}
1558	1559	ga/aa	{'ga': 2300, 'aa': 2}
1843	1844	ga/aa	{'ga': 2294, 'aa': 8}
1907	1908	ga/aa	{'ga': 2301, 'aa': 1}
2032	2033	ga/aa	{'ga': 2301, 'aa': 1}
2056	2057	ga/aa	{'ga': 2299, 'aa': 3}
2085	2086	ga/aa	{'ga': 2298, 'aa': 4}
2172	2173	ga/aa	{'ga': 2301, 'aa': 1}
2178	2179	ga/aa	{'ga': 2301, 'aa': 1}
2192	2193	ga/aa	{'ga': 2300, 'aa': 2}
2212	2213	ga/aa	{'ga': 2297, 'aa': 5}
2220	2221	ga/aa	{'ga': 2300, 'aa': 2}
2258	2259	ga/aa	{'ga': 2298, 'ra': 1, 'aa': 3}
2320	2321	ga/aa	{'ga': 2301, 'aa': 1}
2637	2638	ga/aa	{'aa': 2252, 'ag': 17, 'ga': 33}
2638	2639	ga/aa	{'aa': 2285, 'ga': 17}
2760	2761	ga/aa	{'ga': 2299, 'ra': 2, 'aa': 1}
3017	3018	ga/aa	{'ga': 2301, 'aa': 1}
3031	3032	ga/aa	{'ga': 2301, 'aa': 1}
3110	3111	ga/aa	{'ga': 2301, 'aa': 1}
3157	3158	ga/aa	{'aa': 2262, 'ga': 40}
3197	3198	ga/aa	{'ga': 2301, 'aa': 1}
3269	3270	ga/aa	{'ga': 2300, 'ra': 1, 'aa': 1}
3568	3569	ga/aa	{'aa': 2279, 'ga': 23}
3577	3578	ga/aa	{'ga': 2300, 'ra': 1, 'aa': 1}
3946	3947	ga/aa	{'ga': 2301, 'aa': 1}
4234	4235	ga/aa	{'ga': 2301, 'aa': 1}
4283	4284	ga/aa	{'ga': 2300, 'aa': 2}
4531	4532	ga/aa	{'ga': 2301, 'aa': 1}
5004	5005	ga/aa	{'ga': 2301, 'aa': 1}
5197	5198	ga/aa	{'ga': 2299, 'aa': 3}
5318	5319	ga/aa	{'ga': 2300, 'aa': 2}
5605	5606	ga/aa	{'aa': 2301, 'ga': 1}
5623	5624	ga/aa	{'ga': 2301, 'aa': 1}
5660	5661	ga/aa	{'ga': 2300, 'aa': 2}
5740	5741	ga/aa	{'ga': 2287, 'aa': 15}
5928	5929	ga/aa	{'ga': 2300, 'aa': 2}
5958	5959	ga/aa	{'ga': 2301, 'aa': 1}
5982	5983	ga/aa	{'ga': 2299, 'aa': 2, 'ra': 1}
6251	6252	ga/aa	{'ga': 2300, 'aa': 2}
6403	6404	ga/aa	{'ga': 2301, 'aa': 1}
6469	6470	ga/aa	{'ga': 2292, 'aa': 10}
6521	6522	ga/aa	{'ga': 2300, 'aa': 2}
6560	6561	ga/aa	{'ga': 2301, 'aa': 1}
6797	6798	ga/aa	{'ga': 2301, 'aa': 1}
6918	6919	ga/aa	{'ga': 2298, 'aa': 3, 'ra': 1}
6935	6936	ga/aa	{'ga': 2301, 'aa': 1}
7018	7019	ga/aa	{'ga': 2297, 'aa': 5}
7371	7372	ga/aa	{'ga': 2301, 'aa': 1}
7919	7920	ga/aa	{'ga': 2300, 'aa': 2}
8520	8521	ga/aa	{'ga': 2301, 'aa': 1}
8526	8527	ga/aa	{'aa': 2300, 'ga': 2}
8785	8786	ga/aa	{'ga': 2299, 'aa': 3}
8870	8871	ga/aa	{'ga': 2301, 'aa': 1}
9376	9377	ga/aa	{'ga': 2301, 'aa': 1}
9382	9383	ga/aa	{'ga': 2294, 'aa': 8}
9392	9393	ga/aa	{'ga': 2301, 'aa': 1}
9993	9994	ga/aa	{'ga': 2295, 'aa': 7}
10111	10112	ga/aa	{'ga': 2295, 'aa': 7}
10255	10256	ga/aa	{'ga': 2301, 'aa': 1}
10372	10373	ga/aa	{'ga': 2299, 'ta': 2, 'aa': 1}
10485	10486	ga/aa	{'ga': 2301, 'aa': 1}
10900	10901	ga/aa	{'ga': 2301, 'aa': 1}
10985	10986	ga/aa	{'ga': 2300, 'aa': 2}
11003	11004	ga/aa	{'ga': 2301, 'aa': 1}
11083	11084	ga/aa	{'ga': 2299, 'aa': 3}
11098	11099	ga/aa	{'ga': 2294, 'aa': 7, 'ra': 1}
11141	11142	ga/aa	{'ga': 2299, 'aa': 3}
11409	11410	ga/aa	{'ga': 2301, 'aa': 1}
11581	11582	ga/aa	{'ga': 2301, 'aa': 1}
11821	11822	ga/aa	{'ga': 2283, 'aa': 19}
12037	12038	ga/aa	{'ga': 2300, 'aa': 2}
12077	12078	ga/aa	{'ga': 2278, 'aa': 23, 'gn': 1}
12252	12253	ga/aa	{'ga': 2299, 'aa': 3}
12322	12323	ga/aa	{'ga': 2300, 'aa': 2}
12400	12401	ga/aa	{'ga': 2301, 'aa': 1}
12961	12962	ga/aa	{'ga': 2300, 'aa': 2}
13061	13062	ga/aa	{'ga': 2298, 'aa': 4}
13130	13131	ga/aa	{'ga': 2301, 'aa': 1}
13260	13261	ga/aa	{'ga': 2299, 'aa': 3}
13417	13418	ga/aa	{'ga': 2300, 'aa': 2}
13587	13588	ga/aa	{'ga': 2301, 'aa': 1}
13716	13717	ga/aa	{'ga': 2297, 'aa': 5}
13987	13988	ga/aa	{'ga': 2301, 'aa': 1}
14252	14253	ga/aa	{'ga': 2301, 'aa': 1}
14489	14490	ga/aa	{'ga': 2298, 'aa': 4}
14793	14794	ga/aa	{'ga': 2300, 'aa': 2}
15182	15183	ga/aa	{'ga': 2301, 'aa': 1}
15189	15190	ga/aa	{'ga': 2300, 'aa': 2}
15582	15583	ga/aa	{'aa': 2301, 'ga': 1}
15591	15592	ga/aa	{'ga': 2301, 'aa': 1}
15853	15854	ga/aa	{'ga': 2301, 'aa': 1}
15883	15884	ga/aa	{'ga': 2301, 'aa': 1}
15934	15935	ga/aa	{'ga': 2300, 'aa': 2}
16030	16031	ga/aa	{'ga': 2301, 'aa': 1}
16187	16188	ga/aa	{'ga': 2300, 'ra': 1, 'aa': 1}
16264	16265	ga/aa	{'ga': 2296, 'aa': 6}
16367	16368	ga/aa	{'ga': 2299, 'aa': 3}
16374	16375	ga/aa	{'ga': 2300, 'aa': 2}
16487	16488	ga/aa	{'ga': 2301, 'aa': 1}
16732	16733	ga/aa	{'ga': 2300, 'aa': 2}
16905	16906	ga/aa	{'ga': 2279, 'aa': 17, '--': 6}
16924	16925	ga/aa	{'ga': 2285, 'aa': 17}
17113	17114	ga/aa	{'ga': 2297, 'aa': 5}
17144	17145	ga/aa	{'ga': 2299, 'aa': 3}
17187	17188	ga/aa	{'ga': 2295, 'aa': 7}
17341	17342	ga/aa	{'ga': 2301, 'aa': 1}
17607	17608	ga/aa	{'ga': 2301, 'aa': 1}
17621	17622	ga/aa	{'ga': 2299, 'aa': 3}
17709	17710	ga/aa	{'ga': 2301, 'aa': 1}
18600	18601	ga/aa	{'ga': 2300, 'aa': 2}
18688	18689	ga/aa	{'ga': 2299, 'ra': 2, 'aa': 1}
18927	18928	ga/aa	{'ga': 2301, 'aa': 1}
19274	19275	ga/aa	{'ga': 2301, 'aa': 1}
19616	19617	ga/aa	{'ga': 2277, 'aa': 25}
19992	19993	ga/aa	{'ga': 2300, 'aa': 2}
20303	20304	ga/aa	{'ga': 2298, 'aa': 4}
20344	20345	ga/aa	{'ga': 2301, 'aa': 1}
20382	20383	ga/aa	{'ga': 2300, 'aa': 2}
20734	20735	ga/aa	{'ga': 2300, 'aa': 2}
20827	20828	ga/aa	{'ga': 2300, 'aa': 2}
21100	21101	ga/aa	{'ga': 2301, 'aa': 1}
21212	21213	ga/aa	{'ga': 2301, 'aa': 1}
21408	21409	ga/aa	{'ga': 2301, 'aa': 1}
21552	21553	ga/aa	{'ga': 2264, 'aa': 38}
21813	21814	ga/aa	{'ga': 2296, 'aa': 6}
21881	21882	ga/aa	{'aa': 2301, 'ga': 1}
21999	22000	ga/aa	{'ga': 2299, 'aa': 3}
22048	22049	ga/aa	{'ga': 2301, 'aa': 1}
22056	22057	ga/aa	{'ga': 2301, 'aa': 1}
22197	22198	ga/aa	{'ga': 2298, 'aa': 4}
22365	22366	ga/aa	{'ga': 2301, 'aa': 1}
23129	23130	ga/aa	{'ga': 2301, 'aa': 1}
23268	23269	ga/aa	{'ga': 2301, 'aa': 1}
23276	23277	ga/aa	{'ga': 2296, 'aa': 5, 'ra': 1}
23285	23286	ga/aa	{'ga': 2300, 'aa': 2}
23335	23336	ga/aa	{'ga': 2300, 'aa': 2}
23446	23447	ga/aa	{'ga': 2301, 'aa': 1}
23517	23518	ga/aa	{'ga': 2289, 'aa': 13}
23615	23616	ga/aa	{'ga': 2298, 'aa': 4}
23620	23621	ga/aa	{'ga': 2300, 'aa': 2}
23686	23687	ga/aa	{'ga': 2301, 'aa': 1}
23737	23738	ga/aa	{'ga': 2297, 'aa': 5}
24031	24032	ga/aa	{'ga': 2298, 'aa': 4}
24363	24364	ga/aa	{'ga': 2298, 'aa': 4}
24376	24377	ga/aa	{'ga': 2297, 'aa': 5}
24609	24610	ga/aa	{'ga': 2299, 'aa': 3}
24629	24630	ga/aa	{'ga': 2300, 'aa': 2}
24780	24781	ga/aa	{'ga': 2289, 'aa': 13}
24803	24804	ga/aa	{'ga': 2301, 'aa': 1}
24826	24827	ga/aa	{'ga': 2301, 'aa': 1}
24881	24882	ga/aa	{'ga': 2300, 'aa': 2}
25188	25189	ga/aa	{'ga': 2301, 'aa': 1}
25256	25257	ga/aa	{'ga': 2294, 'aa': 8}
25371	25372	ga/aa	{'ga': 2258, 'aa': 44}
25819	25820	ga/aa	{'aa': 2301, 'ga': 1}
26120	26121	ga/aa	{'ga': 2301, 'aa': 1}
26160	26161	ga/aa	{'ga': 2300, 'aa': 2}
26294	26295	ga/aa	{'ga': 2301, 'aa': 1}
27013	27014	ga/aa	{'ga': 2267, 'aa': 35}
27329	27330	ga/aa	{'ga': 2301, 'aa': 1}
27418	27419	ga/aa	{'ga': 2301, 'aa': 1}
27466	27467	ga/aa	{'ga': 2291, 'aa': 11}
27723	27724	ga/aa	{'ga': 2301, 'aa': 1}
27779	27780	ga/aa	{'ga': 2295, 'aa': 7}
27998	27999	ga/aa	{'ga': 2298, 'aa': 4}
28179	28180	ga/aa	{'ga': 2301, 'aa': 1}
28254	28255	ga/aa	{'ga': 2300, 'aa': 2}
28300	28301	ga/aa	{'ga': 2285, 'aa': 17}
28488	28489	ga/aa	{'ga': 2301, 'aa': 1}
28492	28493	ga/aa	{'ga': 2301, 'aa': 1}
28519	28520	ga/aa	{'ga': 2301, 'aa': 1}
28917	28918	ga/aa	{'ga': 2301, 'aa': 1}
29414	29415	ga/aa	{'ga': 2300, 'aa': 2}
29595	29596	ga/aa	{'ga': 2301, 'aa': 1}
29800	29801	ga/aa	{'ga': 2301, 'aa': 1}
29871	29872	ga/aa	{'ga': 2301, 'aa': 1}
30025	30026	ga/aa	{'ga': 2301, 'aa': 1}
30162	30163	ga/aa	{'ga': 2301, 'aa': 1}
30306	30307	ga/aa	{'ga': 2301, 'aa': 1}
30444	30445	ga/aa	{'ga': 2300, 'aa': 2}
30526	30527	ga/aa	{'aa': 2301, 'ga': 1}
30549	30550	ga/aa	{'ga': 2301, 'aa': 1}
30976	30977	ga/aa	{'ga': 2301, 'aa': 1}
31212	31213	ga/aa	{'aa': 2301, 'ga': 1}
31729	31730	ga/aa	{'ga': 2292, 'aa': 10}
32258	32259	ga/aa	{'ga': 2301, 'aa': 1}
32266	32267	ga/aa	{'ga': 2301, 'aa': 1}
32874	32875	ga/aa	{'ga': 2300, 'aa': 2}
33379	33380	ga/aa	{'ga': 2300, 'g-': 1, 'aa': 1}
33709	33710	ga/aa	{'ga': 2301, 'aa': 1}
33814	33815	ga/aa	{'ga': 2300, 'aa': 2}
33872	33873	ga/aa	{'aa': 2301, 'ga': 1}
34097	34098	ga/aa	{'ga': 2301, 'aa': 1}
34419	34420	ga/aa	{'ga': 2301, 'aa': 1}
34462	34463	ga/aa	{'ga': 2299, 'aa': 3}
34467	34468	ga/aa	{'ga': 2277, 'aa': 15, 'ra': 10}
34618	34619	ga/aa	{'aa': 2301, 'ga': 1}
34989	34990	ga/aa	{'ga': 2298, 'aa': 4}
35291	35292	ga/aa	{'ga': 2283, 'aa': 19}
35718	35719	ga/aa	{'ga': 2300, 'aa': 2}
36309	36310	ga/aa	{'ga': 2300, 'aa': 2}
36410	36411	ga/aa	{'ga': 2298, 'aa': 4}
36418	36419	ga/aa	{'ga': 2294, 'aa': 8}
36555	36556	ga/aa	{'ga': 2301, 'aa': 1}
36590	36591	ga/aa	{'ga': 2301, 'aa': 1}
36752	36753	ga/aa	{'ga': 2301, 'aa': 1}
36776	36777	ga/aa	{'ga': 2297, 'aa': 5}
36976	36977	ga/aa	{'ga': 2286, 'aa': 16}
37122	37123	ga/aa	{'ga': 2301, 'aa': 1}
37181	37182	ga/aa	{'ga': 2300, 'aa': 2}
37217	37218	ga/aa	{'ga': 2301, 'aa': 1}
37361	37362	ga/aa	{'aa': 2301, 'ga': 1}
37368	37369	ga/aa	{'ga': 2301, 'aa': 1}
37409	37410	ga/aa	{'ga': 2301, 'aa': 1}
37442	37443	ga/aa	{'ga': 2301, 'aa': 1}
37449	37450	ga/aa	{'ga': 2301, 'aa': 1}
37646	37647	ga/aa	{'ga': 2298, 'aa': 4}
37745	37746	ga/aa	{'ga': 2054, 'aa': 248}
38007	38008	ga/aa	{'ga': 2301, 'aa': 1}
38133	38134	ga/aa	{'ga': 2293, 'aa': 9}
38519	38520	ga/aa	{'aa': 2301, 'ga': 1}
38597	38598	ga/aa	{'ga': 2301, 'aa': 1}
38706	38707	ga/aa	{'ga': 2300, 'aa': 2}
38932	38933	ga/aa	{'ga': 2300, 'aa': 2}
39336	39337	ga/aa	{'ga': 2301, 'aa': 1}
39366	39367	ga/aa	{'ga': 2299, 'aa': 3}
39402	39403	ga/aa	{'ga': 2298, 'aa': 4}
39540	39541	ga/aa	{'ga': 2294, 'aa': 8}
39675	39676	ga/aa	{'ga': 2298, 'ra': 2, 'aa': 2}
40002	40003	ga/aa	{'ga': 2299, 'ra': 1, 'aa': 2}
40537	40538	ga/aa	{'ga': 2299, 'ra': 1, 'aa': 2}
40748	40749	ga/aa	{'ga': 2301, 'aa': 1}
40772	40773	ga/aa	{'ga': 2300, 'aa': 2}
40778	40779	ga/aa	{'ga': 2301, 'aa': 1}
40787	40788	ga/aa	{'ga': 2301, 'aa': 1}
40932	40933	ga/aa	{'ga': 2301, 'aa': 1}
40987	40988	ga/aa	{'ga': 2300, 'aa': 2}
41025	41026	ga/aa	{'ga': 2301, 'aa': 1}
41036	41037	ga/aa	{'aa': 2301, 'ga': 1}
41115	41116	ga/aa	{'ga': 2297, 'aa': 5}
41498	41499	ga/aa	{'ga': 2297, 'ra': 1, 'aa': 4}
41719	41720	ga/aa	{'ga': 2300, 'aa': 2}
41740	41741	ga/aa	{'ga': 2301, 'aa': 1}
41912	41913	ga/aa	{'ga': 2299, 'aa': 3}
42556	42557	ga/aa	{'ga': 2301, 'aa': 1}
42666	42667	ga/aa	{'ga': 2288, 'aa': 14}
42770	42771	ga/aa	{'ga': 2301, 'aa': 1}
42779	42780	ga/aa	{'ga': 2301, 'aa': 1}
42959	42960	ga/aa	{'ga': 2301, 'aa': 1}
43098	43099	ga/aa	{'ga': 2301, 'aa': 1}
43356	43357	ga/aa	{'ga': 2300, 'aa': 2}
43642	43643	ga/aa	{'ga': 2301, 'aa': 1}
43690	43691	ga/aa	{'ga': 2295, 'aa': 7}
43854	43855	ga/aa	{'ga': 2301, 'aa': 1}
43926	43927	ga/aa	{'ga': 2301, 'aa': 1}
43968	43969	ga/aa	{'ga': 2296, 'aa': 5, 'gn': 1}
44247	44248	ga/aa	{'ga': 2301, 'aa': 1}
44269	44270	ga/aa	{'ga': 2301, 'aa': 1}
44565	44566	ga/aa	{'ga': 2301, 'aa': 1}
45122	45123	ga/aa	{'ga': 2301, 'aa': 1}
45398	45399	ga/aa	{'ga': 2300, 'aa': 2}
45474	45475	ga/aa	{'ga': 2300, 'aa': 1, 'gr': 1}
45714	45715	ga/aa	{'ga': 2301, 'aa': 1}
45855	45856	ga/aa	{'ga': 2301, 'aa': 1}
45877	45878	ga/aa	{'ga': 2301, 'aa': 1}
45896	45897	ga/aa	{'ga': 2300, 'aa': 2}
45943	45944	ga/aa	{'ga': 2297, 'aa': 5}
46564	46565	ga/aa	{'ga': 2298, 'aa': 4}
46724	46725	ga/aa	{'ga': 2301, 'aa': 1}
47222	47223	ga/aa	{'ga': 2300, 'aa': 2}
47445	47446	ga/aa	{'ga': 2287, 'aa': 15}
47694	47695	ga/aa	{'ga': 2301, 'aa': 1}
47762	47763	ga/aa	{'ga': 2293, 'aa': 9}
48064	48065	ga/aa	{'ga': 2301, 'aa': 1}
48186	48187	ga/aa	{'ga': 2301, 'aa': 1}
48207	48208	ga/aa	{'ga': 2300, 'aa': 2}
48684	48685	ga/aa	{'ga': 2298, 'aa': 4}
48723	48724	ga/aa	{'ga': 2301, 'aa': 1}
48744	48745	ga/aa	{'ga': 2301, 'aa': 1}
48807	48808	ga/aa	{'ga': 2301, 'aa': 1}
48819	48820	ga/aa	{'ga': 2301, 'aa': 1}
48920	48921	ga/aa	{'ga': 2301, 'aa': 1}
48955	48956	ga/aa	{'ga': 2301, 'aa': 1}
49049	49050	ga/aa	{'ga': 2301, 'aa': 1}
49111	49112	ga/aa	{'ga': 2301, 'aa': 1}
49419	49420	ga/aa	{'ga': 2297, 'aa': 5}
49470	49471	ga/aa	{'ga': 2298, 'aa': 4}
49715	49716	ga/aa	{'ga': 2289, 'aa': 13}
49785	49786	ga/aa	{'ga': 2301, 'aa': 1}
49839	49840	ga/aa	{'ga': 2300, 'aa': 2}
49986	49987	ga/aa	{'ga': 2301, 'aa': 1}
50196	50197	ga/aa	{'ga': 2300, 'aa': 2}
50272	50273	ga/aa	{'aa': 2297, 'ga': 5}
50283	50284	ga/aa	{'ga': 2301, 'aa': 1}
50320	50321	ga/aa	{'ga': 2298, 'aa': 4}
50514	50515	ga/aa	{'ga': 2296, 'aa': 6}
50631	50632	ga/aa	{'ga': 2301, 'aa': 1}
50779	50780	ga/aa	{'ga': 2301, 'aa': 1}
50834	50835	ga/aa	{'ga': 2299, 'ra': 1, 'aa': 2}
50875	50876	ga/aa	{'ga': 2301, 'aa': 1}
51144	51145	ga/aa	{'ga': 2300, 'aa': 2}
51380	51381	ga/aa	{'ga': 2300, 'aa': 2}
51540	51541	ga/aa	{'ga': 2294, 'aa': 8}
51657	51658	ga/aa	{'ga': 2299, 'ra': 1, 'aa': 2}
51721	51722	ga/aa	{'ga': 2188, 'aa': 113, 'ra': 1}
52160	52161	ga/aa	{'ga': 2298, 'aa': 4}
52394	52395	ga/aa	{'ga': 2282, 'aa': 16, 'ra': 4}
52569	52570	ga/aa	{'ga': 2301, 'aa': 1}
52924	52925	ga/aa	{'ga': 2299, 'aa': 3}
53047	53048	ga/aa	{'aa': 2300, 'ga': 2}
53306	53307	ga/aa	{'ga': 2301, 'aa': 1}
53488	53489	ga/aa	{'ga': 1992, 'aa': 310}
53603	53604	ga/aa	{'ga': 2300, 'aa': 2}
53614	53615	ga/aa	{'ga': 2301, 'aa': 1}
53646	53647	ga/aa	{'ga': 2301, 'aa': 1}
53710	53711	ga/aa	{'ga': 2301, 'aa': 1}
54088	54089	ga/aa	{'ga': 2297, 'aa': 5}
54154	54155	ga/aa	{'ga': 2300, 'aa': 2}
54279	54280	ga/aa	{'aa': 2301, 'ga': 1}
54797	54798	ga/aa	{'aa': 2301, 'ga': 1}
54826	54827	ga/aa	{'ga': 2300, 'aa': 1, 'ra': 1}
55016	55017	ga/aa	{'ga': 2301, 'aa': 1}
55177	55178	ga/aa	{'ga': 2298, 'aa': 4}
55221	55222	ga/aa	{'ga': 2301, 'aa': 1}
55295	55296	ga/aa	{'ga': 1793, 'ra': 3, 'aa': 506}
55741	55742	ga/aa	{'aa': 2264, 'ga': 38}
55979	55980	ga/aa	{'ga': 2291, 'aa': 11}
56155	56156	ga/aa	{'ga': 2301, 'aa': 1}
56438	56439	ga/aa	{'ga': 2301, 'aa': 1}
56750	56751	ga/aa	{'ga': 2301, 'aa': 1}
56835	56836	ga/aa	{'ga': 2299, 'aa': 3}
56907	56908	ga/aa	{'ga': 2300, 'aa': 2}
57075	57076	ga/aa	{'ga': 2300, 'aa': 2}
57120	57121	ga/aa	{'ga': 2301, 'aa': 1}
57122	57123	ga/aa	{'ga': 2054, 'aa': 248}
57130	57131	ga/aa	{'ga': 2301, 'aa': 1}
57238	57239	ga/aa	{'ga': 2299, 'aa': 3}
57250	57251	ga/aa	{'ga': 2301, 'aa': 1}
57299	57300	ga/aa	{'ga': 2298, 'aa': 3, 'ra': 1}
57787	57788	ga/aa	{'ga': 2301, 'aa': 1}
57823	57824	ga/aa	{'ga': 2298, 'aa': 4}
57948	57949	ga/aa	{'ga': 2301, 'aa': 1}
58401	58402	ga/aa	{'ga': 2299, 'aa': 3}
58644	58645	ga/aa	{'ga': 2300, 'aa': 2}
58668	58669	ga/aa	{'ga': 2300, 'aa': 2}
58680	58681	ga/aa	{'ga': 2299, 'aa': 3}
58793	58794	ga/aa	{'ga': 2301, 'aa': 1}
59112	59113	ga/aa	{'ga': 2299, 'aa': 3}
59154	59155	ga/aa	{'ga': 2301, 'aa': 1}
59274	59275	ga/aa	{'ga': 2301, 'aa': 1}
59284	59285	ga/aa	{'ga': 2301, 'aa': 1}
59380	59381	ga/aa	{'ga': 2298, 'aa': 4}
59444	59445	ga/aa	{'ga': 2301, 'aa': 1}
59731	59732	ga/aa	{'ga': 2301, 'aa': 1}
60219	60220	ga/aa	{'ga': 2301, 'aa': 1}
61245	61246	ga/aa	{'ga': 2301, 'aa': 1}
61264	61265	ga/aa	{'ga': 2297, 'aa': 5}
61361	61362	ga/aa	{'ga': 2301, 'aa': 1}
61415	61416	ga/aa	{'ga': 2295, 'aa': 7}
61875	61876	ga/aa	{'ga': 2301, 'aa': 1}
62084	62085	ga/aa	{'ga': 2300, 'aa': 2}
62136	62137	ga/aa	{'aa': 2301, 'ga': 1}
62278	62279	ga/aa	{'ga': 2301, 'aa': 1}
62827	62828	ga/aa	{'ga': 2300, 'aa': 2}
63115	63116	ga/aa	{'ga': 2300, 'aa': 2}
63143	63144	ga/aa	{'ga': 2301, 'aa': 1}
63251	63252	ga/aa	{'ga': 2299, 'aa': 3}
63310	63311	ga/aa	{'ga': 2289, 'aa': 13}
63974	63975	ga/aa	{'ga': 2298, 'aa': 2, 'ra': 2}
64024	64025	ga/aa	{'ga': 2301, 'aa': 1}
64079	64080	ga/aa	{'ga': 2300, 'aa': 2}
64460	64461	ga/aa	{'aa': 2301, 'ga': 1}
64685	64686	ga/aa	{'ga': 2294, 'aa': 8}
66007	66008	ga/aa	{'ga': 2242, 'aa': 60}
66058	66059	ga/aa	{'ga': 2301, 'aa': 1}
66190	66191	ga/aa	{'ga': 2301, 'aa': 1}
66350	66351	ga/aa	{'ga': 2301, 'aa': 1}
67280	67281	ga/aa	{'ga': 2301, 'aa': 1}
67424	67425	ga/aa	{'ga': 2300, 'aa': 2}
67615	67616	ga/aa	{'aa': 2301, 'ga': 1}
67690	67691	ga/aa	{'ga': 2294, 'aa': 8}
68118	68119	ga/aa	{'ga': 2300, 'aa': 2}
68449	68450	ga/aa	{'ga': 2300, 'aa': 2}
68510	68511	ga/aa	{'ga': 2301, 'aa': 1}
68652	68653	ga/aa	{'ga': 2301, 'aa': 1}
68670	68671	ga/aa	{'ga': 2300, 'aa': 2}
69131	69132	ga/aa	{'ga': 2301, 'aa': 1}
69134	69135	ga/aa	{'ga': 2298, 'aa': 4}
69200	69201	ga/aa	{'ga': 2301, 'aa': 1}
69245	69246	ga/aa	{'ga': 2297, 'ra': 2, 'aa': 3}
69384	69385	ga/aa	{'ga': 2301, 'aa': 1}
69413	69414	ga/aa	{'ga': 2301, 'aa': 1}
69842	69843	ga/aa	{'ga': 2301, 'aa': 1}
70004	70005	ga/aa	{'ga': 2293, 'ra': 1, 'aa': 8}
70253	70254	ga/aa	{'ga': 2300, 'aa': 2}
70354	70355	ga/aa	{'ga': 2297, 'aa': 5}
70373	70374	ga/aa	{'ga': 2300, 'aa': 2}
70831	70832	ga/aa	{'ga': 2300, 'aa': 1, 'gn': 1}
70871	70872	ga/aa	{'ga': 2298, 'aa': 4}
70939	70940	ga/aa	{'ga': 2292, 'aa': 10}
71158	71159	ga/aa	{'ga': 2301, 'aa': 1}
71334	71335	ga/aa	{'ga': 2301, 'aa': 1}
71629	71630	ga/aa	{'ga': 2300, 'aa': 2}
71700	71701	ga/aa	{'ga': 2301, 'aa': 1}
71876	71877	ga/aa	{'ga': 2301, 'aa': 1}
71941	71942	ga/aa	{'ga': 2294, 'aa': 8}
71960	71961	ga/aa	{'ga': 2290, 'aa': 11, 'ra': 1}
72231	72232	ga/aa	{'ga': 2301, 'aa': 1}
72261	72262	ga/aa	{'ga': 2290, 'aa': 12}
72546	72547	ga/aa	{'ga': 2298, 'aa': 4}
72975	72976	ga/aa	{'ga': 2301, 'aa': 1}
73032	73033	ga/aa	{'ga': 2301, 'aa': 1}
73328	73329	ga/aa	{'ga': 2299, 'aa': 3}
73403	73404	ga/aa	{'aa': 2301, 'ga': 1}
73712	73713	ga/aa	{'ga': 2301, 'aa': 1}
73937	73938	ga/aa	{'ga': 2300, 'aa': 2}
73954	73955	ga/aa	{'ga': 2300, 'ra': 1, 'aa': 1}
74103	74104	ga/aa	{'ga': 2299, 'aa': 2, 'ra': 1}
74252	74253	ga/aa	{'ga': 2301, 'aa': 1}
74331	74332	ga/aa	{'ga': 2298, 'aa': 4}
74364	74365	ga/aa	{'ga': 2300, 'aa': 2}
74369	74370	ga/aa	{'aa': 2301, 'ga': 1}
74416	74417	ga/aa	{'ga': 2299, 'aa': 3}
74538	74539	ga/aa	{'ga': 2301, 'aa': 1}
74626	74627	ga/aa	{'ga': 2298, 'aa': 4}
74690	74691	ga/aa	{'ga': 2300, 'aa': 2}
74832	74833	ga/aa	{'ga': 2300, 'aa': 2}
75144	75145	ga/aa	{'ga': 2301, 'aa': 1}
75291	75292	ga/aa	{'ga': 2301, 'aa': 1}
75302	75303	ga/aa	{'ga': 2298, 'aa': 4}
75333	75334	ga/aa	{'ga': 2301, 'aa': 1}
75496	75497	ga/aa	{'ga': 2299, 'aa': 3}
75729	75730	ga/aa	{'ga': 2299, 'aa': 3}
75744	75745	ga/aa	{'ga': 2300, 'aa': 2}
75863	75864	ga/aa	{'ga': 2301, 'aa': 1}
76024	76025	ga/aa	{'ga': 2301, 'aa': 1}
76257	76258	ga/aa	{'ga': 2254, 'aa': 48}
76371	76372	ga/aa	{'ga': 2300, 'ta': 1, 'aa': 1}
77216	77217	ga/aa	{'ga': 2295, 'aa': 7}
77240	77241	ga/aa	{'ga': 2300, 'aa': 2}
77532	77533	ga/aa	{'ga': 2297, 'aa': 5}
77547	77548	ga/aa	{'aa': 2301, 'ga': 1}
77609	77610	ga/aa	{'ga': 2093, 'aa': 209}
77636	77637	ga/aa	{'ga': 2301, 'aa': 1}
77807	77808	ga/aa	{'ga': 2301, 'aa': 1}
77971	77972	ga/aa	{'ga': 2301, 'aa': 1}
78071	78072	ga/aa	{'ga': 2301, 'aa': 1}
78163	78164	ga/aa	{'ga': 2301, 'aa': 1}
78492	78493	ga/aa	{'ga': 2301, 'aa': 1}
78673	78674	ga/aa	{'ga': 2220, 'aa': 82}
78707	78708	ga/aa	{'ga': 2301, 'aa': 1}
78757	78758	ga/aa	{'ga': 2301, 'aa': 1}
79015	79016	ga/aa	{'ga': 2290, 'aa': 12}
79139	79140	ga/aa	{'ga': 2300, 'aa': 2}
79321	79322	ga/aa	{'ga': 2300, 'aa': 1, 'ra': 1}
79676	79677	ga/aa	{'ga': 2300, 'aa': 2}
80263	80264	ga/aa	{'ga': 2298, 'aa': 4}
80686	80687	ga/aa	{'ga': 2298, 'aa': 4}
80733	80734	ga/aa	{'ga': 2298, 'aa': 4}
80984	80985	ga/aa	{'ga': 2277, 'aa': 25}
81373	81374	ga/aa	{'aa': 2301, 'ga': 1}
81439	81440	ga/aa	{'aa': 2301, 'ga': 1}
81809	81810	ga/aa	{'ga': 2301, 'aa': 1}
82034	82035	ga/aa	{'ga': 2295, 'aa': 7}
82141	82142	ga/aa	{'ga': 2301, 'aa': 1}
82481	82482	ga/aa	{'ga': 2301, 'aa': 1}
82571	82572	ga/aa	{'aa': 2298, 'ga': 4}
82615	82616	ga/aa	{'aa': 2301, 'ga': 1}
82721	82722	ga/aa	{'ga': 2296, 'aa': 6}
82729	82730	ga/aa	{'ga': 2301, 'aa': 1}
82741	82742	ga/aa	{'ga': 2301, 'aa': 1}
83017	83018	ga/aa	{'ga': 2295, 'aa': 7}
83027	83028	ga/aa	{'ga': 2301, 'aa': 1}
83261	83262	ga/aa	{'ga': 2301, 'aa': 1}
83275	83276	ga/aa	{'ga': 2301, 'aa': 1}
83411	83412	ga/aa	{'ga': 2275, 'aa': 27}
83996	83997	ga/aa	{'ga': 2301, 'aa': 1}
84190	84191	ga/aa	{'ga': 2301, 'aa': 1}
84373	84374	ga/aa	{'ga': 2301, 'aa': 1}
84698	84699	ga/aa	{'ga': 2301, 'aa': 1}
85058	85059	ga/aa	{'ga': 2301, 'aa': 1}
85139	85140	ga/aa	{'ga': 2301, 'aa': 1}
85520	85521	ga/aa	{'ga': 2300, 'aa': 2}
85679	85680	ga/aa	{'ga': 2301, 'aa': 1}
85855	85856	ga/aa	{'ga': 2301, 'aa': 1}
85938	85939	ga/aa	{'ga': 2299, 'aa': 3}
86170	86171	ga/aa	{'ga': 2301, 'aa': 1}
86315	86316	ga/aa	{'ga': 2299, 'aa': 3}
86477	86478	ga/aa	{'ga': 2301, 'aa': 1}
86500	86501	ga/aa	{'ga': 2301, 'aa': 1}
86595	86596	ga/aa	{'ga': 2301, 'aa': 1}
87168	87169	ga/aa	{'ga': 2301, 'aa': 1}
87394	87395	ga/aa	{'aa': 2301, 'ga': 1}
87461	87462	ga/aa	{'aa': 2301, 'ga': 1}
87479	87480	ga/aa	{'ga': 2301, 'aa': 1}
87521	87522	ga/aa	{'ga': 2301, 'aa': 1}
87575	87576	ga/aa	{'ga': 2297, 'aa': 5}
87605	87606	ga/aa	{'ga': 2301, 'aa': 1}
87807	87808	ga/aa	{'ga': 2300, 'aa': 2}
87869	87870	ga/aa	{'aa': 2301, 'ga': 1}
88245	88246	ga/aa	{'ga': 2301, 'aa': 1}
88454	88455	ga/aa	{'ga': 2300, 'aa': 2}
88742	88743	ga/aa	{'ga': 2301, 'aa': 1}
88780	88781	ga/aa	{'ga': 2247, 'aa': 55}
88842	88843	ga/aa	{'ga': 2300, 'aa': 2}
89018	89019	ga/aa	{'ga': 2300, 'aa': 2}
89469	89470	ga/aa	{'ga': 2301, 'aa': 1}
89492	89493	ga/aa	{'ga': 2298, 'aa': 4}
89772	89773	ga/aa	{'ga': 2301, 'aa': 1}
90234	90235	ga/aa	{'ga': 2301, 'aa': 1}
90341	90342	ga/aa	{'ga': 2301, 'aa': 1}
90945	90946	ga/aa	{'ga': 2300, 'aa': 2}
91002	91003	ga/aa	{'ga': 2300, 'aa': 2}
91045	91046	ga/aa	{'ga': 2300, 'aa': 2}
91081	91082	ga/aa	{'ga': 2301, 'aa': 1}
91414	91415	ga/aa	{'ga': 2301, 'aa': 1}
91540	91541	ga/aa	{'ga': 2297, 'aa': 5}
91781	91782	ga/aa	{'ga': 2300, 'aa': 2}
91892	91893	ga/aa	{'aa': 2301, 'ga': 1}
91975	91976	ga/aa	{'ga': 2301, 'aa': 1}
92212	92213	ga/aa	{'ga': 2295, 'aa': 7}
92257	92258	ga/aa	{'ga': 2298, 'aa': 4}
92273	92274	ga/aa	{'ga': 2301, 'aa': 1}
92299	92300	ga/aa	{'ga': 2300, 'aa': 2}
92369	92370	ga/aa	{'ga': 2301, 'aa': 1}
92530	92531	ga/aa	{'ga': 2301, 'aa': 1}
92767	92768	ga/aa	{'ga': 2301, 'aa': 1}
92818	92819	ga/aa	{'ga': 2298, 'aa': 4}
92882	92883	ga/aa	{'ga': 2301, 'aa': 1}
93381	93382	ga/aa	{'aa': 2298, 'ga': 4}
93471	93472	ga/aa	{'ga': 2300, 'aa': 2}
93551	93552	ga/aa	{'ga': 2301, 'aa': 1}
93992	93993	ga/aa	{'ga': 2286, 'aa': 16}
94061	94062	ga/aa	{'ga': 2295, 'aa': 7}
94087	94088	ga/aa	{'ga': 2300, 'aa': 2}
94226	94227	ga/aa	{'ga': 2242, 'aa': 60}
94256	94257	ga/aa	{'ga': 2301, 'aa': 1}
94385	94386	ga/aa	{'ga': 2153, 'ra': 2, 'na': 1, 'aa': 146}
94492	94493	ga/aa	{'ga': 2300, 'aa': 2}
94790	94791	ga/aa	{'ga': 2300, 'aa': 2}
94962	94963	ga/aa	{'ga': 2282, 'aa': 20}
95112	95113	ga/aa	{'ga': 2301, 'aa': 1}
95582	95583	ga/aa	{'ga': 2300, 'aa': 2}
96035	96036	ga/aa	{'ga': 2299, 'aa': 3}
96357	96358	ga/aa	{'ga': 2301, 'aa': 1}
96444	96445	ga/aa	{'ga': 2301, 'aa': 1}
96522	96523	ga/aa	{'ga': 2298, 'aa': 4}
96662	96663	ga/aa	{'ga': 2301, 'aa': 1}
96696	96697	ga/aa	{'ga': 2301, 'aa': 1}
97008	97009	ga/aa	{'ga': 2301, 'aa': 1}
97207	97208	ga/aa	{'ga': 2301, 'aa': 1}
97370	97371	ga/aa	{'ga': 2301, 'aa': 1}
97501	97502	ga/aa	{'ga': 2296, 'aa': 6}
97506	97507	ga/aa	{'ga': 2301, 'aa': 1}
97554	97555	ga/aa	{'ga': 2299, 'ra': 2, 'aa': 1}
98286	98287	ga/aa	{'ga': 2300, 'aa': 2}
98397	98398	ga/aa	{'ga': 2296, 'aa': 6}
98420	98421	ga/aa	{'ga': 2299, 'aa': 3}
98435	98436	ga/aa	{'ga': 2301, 'aa': 1}
98620	98621	ga/aa	{'ga': 2196, 'aa': 106}
98876	98877	ga/aa	{'ga': 2301, 'aa': 1}
98906	98907	ga/aa	{'ga': 2055, 'aa': 247}
99473	99474	ga/aa	{'ga': 2300, 'aa': 2}
99530	99531	ga/aa	{'ga': 2301, 'aa': 1}
99996	99997	ga/aa	{'ga': 2298, 'aa': 3, 'ra': 1}
100346	100347	ga/aa	{'ga': 2288, 'aa': 13, 'ra': 1}
100425	100426	ga/aa	{'ga': 2301, 'aa': 1}
100633	100634	ga/aa	{'ga': 2300, 'aa': 1, 'ra': 1}
100703	100704	ga/aa	{'ga': 2301, 'aa': 1}
101291	101292	ga/aa	{'ga': 2301, 'aa': 1}
101316	101317	ga/aa	{'ga': 2293, 'aa': 9}
101391	101392	ga/aa	{'ga': 2301, 'aa': 1}
101405	101406	ga/aa	{'ga': 2046, 'aa': 256}
101508	101509	ga/aa	{'ga': 2301, 'aa': 1}
101980	101981	ga/aa	{'ga': 2301, 'aa': 1}
102467	102468	ga/aa	{'ga': 2276, 'aa': 26}
102551	102552	ga/aa	{'ga': 2301, 'aa': 1}
102673	102674	ga/aa	{'ga': 2297, 'aa': 5}
102858	102859	ga/aa	{'ga': 1991, 'ra': 2, 'aa': 309}
102997	102998	ga/aa	{'ga': 2300, 'aa': 2}
103261	103262	ga/aa	{'ga': 2301, 'aa': 1}
103330	103331	ga/aa	{'ga': 2301, 'aa': 1}
103404	103405	ga/aa	{'ga': 2301, 'aa': 1}
103879	103880	ga/aa	{'ga': 2301, 'aa': 1}
104137	104138	ga/aa	{'ga': 2301, 'aa': 1}
104444	104445	ga/aa	{'ga': 2299, 'aa': 3}
104779	104780	ga/aa	{'ga': 2301, 'aa': 1}
104786	104787	ga/aa	{'ga': 2301, 'aa': 1}
104818	104819	ga/aa	{'ga': 2301, 'aa': 1}
105208	105209	ga/aa	{'ga': 2295, 'aa': 7}
105339	105340	ga/aa	{'ga': 2301, 'aa': 1}
105635	105636	ga/aa	{'ga': 2298, 'aa': 4}
106024	106025	ga/aa	{'ga': 2297, 'aa': 5}
106088	106089	ga/aa	{'ga': 1844, 'aa': 457, 'gn': 1}
106459	106460	ga/aa	{'ga': 2301, 'aa': 1}
106466	106467	ga/aa	{'ga': 2301, 'aa': 1}
107236	107237	ga/aa	{'ga': 2300, 'aa': 2}
107316	107317	ga/aa	{'ga': 2300, 'ra': 1, 'aa': 1}
107568	107569	ga/aa	{'ga': 2301, 'aa': 1}
108215	108216	ga/aa	{'ga': 2301, 'aa': 1}
108404	108405	ga/aa	{'ga': 2301, 'aa': 1}
109314	109315	ga/aa	{'ga': 2301, 'aa': 1}
109679	109680	ga/aa	{'ga': 2301, 'aa': 1}
109958	109959	ga/aa	{'ga': 2301, 'aa': 1}
110009	110010	ga/aa	{'ga': 2297, 'aa': 5}
110045	110046	ga/aa	{'ga': 2301, 'aa': 1}
110572	110573	ga/aa	{'ga': 2301, 'aa': 1}
110756	110757	ga/aa	{'ga': 2301, 'aa': 1}
110889	110890	ga/aa	{'ga': 2301, 'aa': 1}
110903	110904	ga/aa	{'ga': 2301, 'aa': 1}
111194	111195	ga/aa	{'ga': 2146, 'aa': 155, 'ra': 1}
111249	111250	ga/aa	{'ga': 2291, 'aa': 11}
111544	111545	ga/aa	{'ga': 2299, 'aa': 3}
111592	111593	ga/aa	{'ga': 2299, 'aa': 3}
111706	111707	ga/aa	{'ga': 2300, 'aa': 2}
111727	111728	ga/aa	{'ga': 2291, 'aa': 11}
111739	111740	ga/aa	{'ga': 2301, 'aa': 1}
111800	111801	ga/aa	{'ga': 2301, 'aa': 1}
112111	112112	ga/aa	{'ga': 2301, 'aa': 1}
112117	112118	ga/aa	{'ga': 2301, 'aa': 1}
112141	112142	ga/aa	{'ga': 2297, 'aa': 5}
112171	112172	ga/aa	{'ga': 2301, 'aa': 1}
112411	112412	ga/aa	{'ga': 2299, 'aa': 3}
112771	112772	ga/aa	{'ga': 2301, 'aa': 1}
113752	113753	ga/aa	{'ga': 2301, 'aa': 1}
113951	113952	ga/aa	{'ga': 2291, 'aa': 11}
114272	114273	ga/aa	{'ga': 2301, 'aa': 1}
114482	114483	ga/aa	{'ga': 2299, 'aa': 3}
114524	114525	ga/aa	{'ga': 2301, 'aa': 1}
114678	114679	ga/aa	{'ga': 2301, 'aa': 1}
114928	114929	ga/aa	{'ga': 2297, 'aa': 5}
115473	115474	ga/aa	{'ga': 2301, 'aa': 1}
115498	115499	ga/aa	{'ga': 2301, 'aa': 1}
115557	115558	ga/aa	{'ga': 2286, 'aa': 16}
115898	115899	ga/aa	{'ga': 2301, 'aa': 1}
115901	115902	ga/aa	{'ga': 2300, 'aa': 2}
115934	115935	ga/aa	{'ga': 2301, 'aa': 1}
116031	116032	ga/aa	{'ga': 2301, 'aa': 1}
116296	116297	ga/aa	{'ga': 2286, 'aa': 16}
116806	116807	ga/aa	{'ga': 2301, 'aa': 1}
117399	117400	ga/aa	{'ga': 2301, 'aa': 1}
117511	117512	ga/aa	{'ga': 2300, 'aa': 2}
117690	117691	ga/aa	{'ga': 2292, 'aa': 9, 'ra': 1}
118015	118016	ga/aa	{'ga': 2301, 'aa': 1}
118074	118075	ga/aa	{'ga': 2301, 'aa': 1}
118107	118108	ga/aa	{'ga': 2255, 'aa': 47}
118426	118427	ga/aa	{'ga': 2301, 'aa': 1}
118455	118456	ga/aa	{'ga': 2051, 'aa': 251}
118557	118558	ga/aa	{'ga': 2286, 'aa': 16}
118806	118807	ga/aa	{'ga': 2292, 'aa': 10}
118876	118877	ga/aa	{'ga': 2299, 'aa': 3}
118905	118906	ga/aa	{'ga': 2301, 'aa': 1}
118956	118957	ga/aa	{'ga': 2300, 'aa': 2}
119431	119432	ga/aa	{'ga': 2294, 'aa': 8}
119590	119591	ga/aa	{'ga': 2301, 'aa': 1}
119693	119694	ga/aa	{'ga': 2301, 'aa': 1}
119726	119727	ga/aa	{'ga': 2301, 'aa': 1}
119939	119940	ga/aa	{'ga': 2301, 'aa': 1}
119966	119967	ga/aa	{'ga': 2301, 'aa': 1}
120134	120135	ga/aa	{'ga': 2301, 'aa': 1}
120404	120405	ga/aa	{'ga': 2300, 'aa': 2}
120407	120408	ga/aa	{'ga': 2291, 'aa': 11}
120602	120603	ga/aa	{'ga': 2300, 'aa': 2}
121069	121070	ga/aa	{'ga': 2301, 'aa': 1}
121211	121212	ga/aa	{'ga': 2194, 'aa': 108}
121457	121458	ga/aa	{'ga': 2300, 'aa': 2}
121519	121520	ga/aa	{'ga': 2299, 'aa': 3}
121676	121677	ga/aa	{'ga': 2300, 'aa': 2}
121939	121940	ga/aa	{'ga': 2292, 'aa': 10}
122137	122138	ga/aa	{'ga': 2301, 'aa': 1}
122394	122395	ga/aa	{'ga': 2292, 'aa': 10}
122880	122881	ga/aa	{'ga': 2301, 'aa': 1}
123285	123286	ga/aa	{'ga': 2299, 'aa': 3}
123665	123666	ga/aa	{'ga': 2301, 'aa': 1}
123931	123932	ga/aa	{'ga': 2298, 'aa': 4}
124296	124297	ga/aa	{'aa': 2300, 'nn': 1, 'ga': 1}
124631	124632	ga/aa	{'ga': 2301, 'aa': 1}
124840	124841	ga/aa	{'aa': 2301, 'ga': 1}
125192	125193	ga/aa	{'ga': 2301, 'aa': 1}
125203	125204	ga/aa	{'ga': 2301, 'aa': 1}
125286	125287	ga/aa	{'ga': 2301, 'aa': 1}
125419	125420	ga/aa	{'aa': 2301, 'ga': 1}
125433	125434	ga/aa	{'ga': 2301, 'aa': 1}
125483	125484	ga/aa	{'ga': 2301, 'aa': 1}
125622	125623	ga/aa	{'ga': 2301, 'aa': 1}
125985	125986	ga/aa	{'ga': 2301, 'aa': 1}
126242	126243	ga/aa	{'ga': 2301, 'aa': 1}
126339	126340	ga/aa	{'ga': 2297, 'aa': 5}
126480	126481	ga/aa	{'ga': 2300, 'ra': 1, 'aa': 1}
126624	126625	ga/aa	{'ga': 2298, 'aa': 4}
126931	126932	ga/aa	{'ga': 2290, 'aa': 12}
127030	127031	ga/aa	{'ga': 2301, 'aa': 1}
127161	127162	ga/aa	{'ga': 2300, 'aa': 2}
127164	127165	ga/aa	{'ga': 2301, 'aa': 1}
127478	127479	ga/aa	{'ga': 2301, 'aa': 1}
127546	127547	ga/aa	{'ga': 2299, 'aa': 3}
127585	127586	ga/aa	{'ga': 2301, 'aa': 1}
127787	127788	ga/aa	{'ga': 2301, 'aa': 1}
128774	128775	ga/aa	{'ga': 2301, 'aa': 1}
128810	128811	ga/aa	{'ga': 2301, 'aa': 1}
128986	128987	ga/aa	{'ga': 2301, 'aa': 1}
129755	129756	ga/aa	{'ga': 2299, 'aa': 3}
129933	129934	ga/aa	{'ga': 2300, 'aa': 2}
129960	129961	ga/aa	{'ga': 2300, 'aa': 2}
130403	130404	ga/aa	{'ga': 2301, 'aa': 1}
130636	130637	ga/aa	{'ga': 2300, 'aa': 2}
130959	130960	ga/aa	{'ga': 2300, 'aa': 2}
131252	131253	ga/aa	{'ga': 2300, 'aa': 2}
132039	132040	ga/aa	{'ga': 2286, 'aa': 16}
132149	132150	ga/aa	{'ga': 2156, 'aa': 146}
132662	132663	ga/aa	{'ga': 2299, '--': 1, 'aa': 2}
132797	132798	ga/aa	{'ga': 2299, 'aa': 3}
132857	132858	ga/aa	{'ga': 2300, 'aa': 2}
132882	132883	ga/aa	{'ga': 2299, 'aa': 3}
133446	133447	ga/aa	{'ga': 2299, 'aa': 3}
133542	133543	ga/aa	{'ga': 2301, 'aa': 1}
133580	133581	ga/aa	{'ga': 2289, 'aa': 13}
133767	133768	ga/aa	{'ga': 2300, 'aa': 2}
133820	133821	ga/aa	{'ga': 2301, 'aa': 1}
133830	133831	ga/aa	{'ga': 2301, 'aa': 1}
133978	133979	ga/aa	{'ga': 2291, 'aa': 10, 'ra': 1}
134021	134022	ga/aa	{'ga': 2300, 'aa': 2}
134053	134054	ga/aa	{'ga': 2299, 'aa': 3}
134084	134085	ga/aa	{'ga': 2301, 'aa': 1}
134607	134608	ga/aa	{'ga': 2301, 'aa': 1}
134618	134619	ga/aa	{'ga': 2299, 'aa': 3}
134854	134855	ga/aa	{'ga': 2301, 'aa': 1}
134889	134890	ga/aa	{'ga': 2301, 'aa': 1}
134941	134942	ga/aa	{'ga': 2300, 'aa': 2}
135436	135437	ga/aa	{'ga': 2299, 'aa': 3}
135570	135571	ga/aa	{'ga': 2301, 'aa': 1}
135828	135829	ga/aa	{'ga': 2301, 'aa': 1}
135934	135935	ga/aa	{'ga': 2301, 'aa': 1}
136583	136584	ga/aa	{'ga': 2301, 'aa': 1}
136870	136871	ga/aa	{'ga': 2301, 'aa': 1}
137436	137437	ga/aa	{'ga': 2300, 'aa': 2}
137827	137828	ga/aa	{'ga': 2300, 'aa': 2}
137944	137945	ga/aa	{'ga': 2301, 'aa': 1}
137952	137953	ga/aa	{'ga': 2301, 'aa': 1}
138251	138252	ga/aa	{'ga': 2300, 'aa': 2}
138549	138550	ga/aa	{'ga': 2300, 'aa': 2}
138925	138926	ga/aa	{'ga': 2298, 'aa': 4}
139056	139057	ga/aa	{'ga': 2301, 'aa': 1}
139509	139510	ga/aa	{'ga': 2301, 'aa': 1}
139566	139567	ga/aa	{'ga': 2301, 'aa': 1}
139587	139588	ga/aa	{'ga': 2299, 'aa': 3}
139653	139654	ga/aa	{'ga': 2301, 'aa': 1}
139786	139787	ga/aa	{'ga': 2295, 'aa': 4, 'ra': 3}
140185	140186	ga/aa	{'ga': 2292, 'aa': 10}
140434	140435	ga/aa	{'ga': 2301, 'aa': 1}
140619	140620	ga/aa	{'ga': 2301, 'aa': 1}
141116	141117	ga/aa	{'ga': 2301, 'aa': 1}
141129	141130	ga/aa	{'ga': 2301, 'aa': 1}
141357	141358	ga/aa	{'ga': 2300, 'aa': 2}
141374	141375	ga/aa	{'ga': 2295, 'aa': 7}
141729	141730	ga/aa	{'ga': 2301, 'aa': 1}
142010	142011	ga/aa	{'ga': 2300, 'aa': 2}
142246	142247	ga/aa	{'ga': 2301, 'aa': 1}
142879	142880	ga/aa	{'ga': 2299, 'aa': 3}
143147	143148	ga/aa	{'ga': 2300, 'aa': 2}
143219	143220	ga/aa	{'ga': 2299, 'aa': 3}
143302	143303	ga/aa	{'ga': 2301, 'aa': 1}
143306	143307	ga/aa	{'ga': 2301, 'aa': 1}
143309	143310	ga/aa	{'ga': 2289, 'aa': 13}
143342	143343	ga/aa	{'ga': 2301, 'aa': 1}
143394	143395	ga/aa	{'ga': 2301, 'aa': 1}
143506	143507	ga/aa	{'ga': 2301, 'aa': 1}
143585	143586	ga/aa	{'ga': 2301, 'aa': 1}
143706	143707	ga/aa	{'ga': 2300, 'aa': 2}
143951	143952	ga/aa	{'ga': 2299, 'aa': 3}
143983	143984	ga/aa	{'ga': 2301, 'aa': 1}
144032	144033	ga/aa	{'ga': 2275, 'aa': 25, 'ra': 2}
144100	144101	ga/aa	{'ga': 2301, 'aa': 1}
144338	144339	ga/aa	{'ga': 2301, 'aa': 1}
144443	144444	ga/aa	{'ga': 2301, 'aa': 1}
144721	144722	ga/aa	{'ga': 2299, 'aa': 3}
144850	144851	ga/aa	{'ga': 2301, 'aa': 1}
144912	144913	ga/aa	{'ga': 2301, 'aa': 1}
144988	144989	ga/aa	{'ga': 2301, 'aa': 1}
145231	145232	ga/aa	{'ga': 2299, 'aa': 3}
145234	145235	ga/aa	{'ga': 2300, 'aa': 2}
145548	145549	ga/aa	{'ga': 2293, 'aa': 9}
145940	145941	ga/aa	{'ga': 2301, 'aa': 1}
145971	145972	ga/aa	{'ga': 2295, 'aa': 7}
146033	146034	ga/aa	{'ga': 2295, 'aa': 7}
146070	146071	ga/aa	{'ga': 2301, 'aa': 1}
146510	146511	ga/aa	{'ga': 2299, 'aa': 3}
146933	146934	ga/aa	{'ga': 2301, 'aa': 1}
147064	147065	ga/aa	{'ga': 2301, 'aa': 1}
147516	147517	ga/aa	{'ga': 2301, 'aa': 1}
147555	147556	ga/aa	{'ga': 2301, 'aa': 1}
147709	147710	ga/aa	{'ga': 2299, 'aa': 2, '--': 1}
148388	148389	ga/aa	{'ga': 2301, 'aa': 1}
148491	148492	ga/aa	{'ga': 2301, 'aa': 1}
148518	148519	ga/aa	{'ga': 2300, 'nn': 1, 'aa': 1}
148657	148658	ga/aa	{'ga': 2299, 'aa': 3}
148666	148667	ga/aa	{'aa': 2301, 'ga': 1}
148681	148682	ga/aa	{'ga': 2299, 'aa': 3}
148750	148751	ga/aa	{'ga': 2301, 'aa': 1}
148832	148833	ga/aa	{'ga': 2301, 'aa': 1}
148869	148870	ga/aa	{'ga': 2300, 'aa': 2}
149380	149381	ga/aa	{'ga': 2301, 'aa': 1}
149670	149671	ga/aa	{'ga': 2299, 'aa': 3}
149730	149731	ga/aa	{'ga': 2299, 'aa': 3}
149815	149816	ga/aa	{'ga': 2298, 'aa': 4}
149870	149871	ga/aa	{'ga': 2300, 'aa': 2}
149984	149985	ga/aa	{'ga': 2300, 'aa': 2}
150059	150060	ga/aa	{'ga': 2300, 'aa': 2}
150072	150073	ga/aa	{'ga': 2301, 'aa': 1}
150341	150342	ga/aa	{'ga': 2291, 'aa': 11}
150444	150445	ga/aa	{'ga': 2301, 'aa': 1}
150480	150481	ga/aa	{'ga': 2158, 'aa': 144}
150584	150585	ga/aa	{'ga': 2300, 'aa': 2}
150630	150631	ga/aa	{'ga': 2297, 'aa': 5}
150648	150649	ga/aa	{'ga': 2301, 'aa': 1}
150664	150665	ga/aa	{'ga': 2301, 'aa': 1}
150738	150739	ga/aa	{'ga': 2301, 'aa': 1}
150765	150766	ga/aa	{'ga': 2299, 'aa': 3}
150801	150802	ga/aa	{'ga': 2301, 'aa': 1}
151040	151041	ga/aa	{'ga': 2300, 'aa': 2}
151062	151063	ga/aa	{'ga': 2297, 'aa': 5}
151148	151149	ga/aa	{'ga': 2293, 'aa': 9}
151362	151363	ga/aa	{'ga': 2300, 'aa': 2}
151376	151377	ga/aa	{'ga': 2297, 'aa': 5}
151687	151688	ga/aa	{'ga': 2298, 'aa': 4}
151792	151793	ga/aa	{'ga': 2301, 'aa': 1}
151853	151854	ga/aa	{'ga': 2297, 'aa': 5}
151903	151904	ga/aa	{'ga': 2301, 'aa': 1}
152097	152098	ga/aa	{'ga': 2300, 'aa': 2}
152149	152150	ga/aa	{'ga': 2300, 'aa': 2}
152195	152196	ga/aa	{'ga': 2299, 'aa': 3}
152223	152224	ga/aa	{'ga': 2301, 'aa': 1}
152550	152551	ga/aa	{'ga': 2286, 'aa': 16}
152763	152764	ga/aa	{'ga': 2301, 'aa': 1}
152785	152786	ga/aa	{'ga': 2300, 'aa': 2}
152936	152937	ga/aa	{'ga': 2293, 'aa': 9}
152998	152999	ga/aa	{'ga': 2287, 'aa': 15}
153124	153125	ga/aa	{'ga': 2299, 'aa': 3}
153145	153146	ga/aa	{'ga': 2299, 'aa': 3}
153214	153215	ga/aa	{'ga': 2051, 'aa': 251}
153349	153350	ga/aa	{'ga': 2301, 'aa': 1}
153438	153439	ga/aa	{'ga': 2301, 'aa': 1}
153742	153743	ga/aa	{'ga': 2301, 'aa': 1}
153910	153911	ga/aa	{'ga': 2295, 'aa': 7}
154012	154013	ga/aa	{'ga': 2300, 'aa': 2}
154066	154067	ga/aa	{'ga': 2301, 'aa': 1}
154153	154154	ga/aa	{'ga': 2300, 'aa': 2}
154221	154222	ga/aa	{'ga': 2301, 'aa': 1}
154465	154466	ga/aa	{'ga': 2300, 'aa': 2}
154570	154571	ga/aa	{'ga': 2298, 'aa': 4}
154678	154679	ga/aa	{'ga': 2301, 'aa': 1}
154808	154809	ga/aa	{'ga': 2301, 'aa': 1}
154840	154841	ga/aa	{'ga': 2301, 'aa': 1}
155330	155331	ga/aa	{'ga': 2274, 'aa': 28}
155341	155342	ga/aa	{'ga': 2300, 'aa': 2}
155549	155550	ga/aa	{'ga': 2301, 'aa': 1}
155959	155960	ga/aa	{'ga': 2298, 'aa': 4}
156046	156047	ga/aa	{'ga': 2294, 'aa': 8}
156118	156119	ga/aa	{'ga': 2301, 'aa': 1}
156339	156340	ga/aa	{'ga': 2301, 'aa': 1}
156399	156400	ga/aa	{'aa': 2301, 'ga': 1}
156605	156606	ga/aa	{'ga': 2300, 'aa': 2}
156688	156689	ga/aa	{'ga': 2301, 'aa': 1}
156817	156818	ga/aa	{'ga': 2296, 'aa': 6}
156970	156971	ga/aa	{'ga': 2301, 'aa': 1}
156985	156986	ga/aa	{'ga': 2301, 'aa': 1}
157198	157199	ga/aa	{'ga': 2301, 'aa': 1}
157426	157427	ga/aa	{'ga': 2300, 'aa': 2}
157702	157703	ga/aa	{'ga': 2299, 'aa': 2, '--': 1}
157773	157774	ga/aa	{'ga': 2299, 'aa': 2, '--': 1}
157816	157817	ga/aa	{'ga': 2300, 'aa': 1, '--': 1}
157895	157896	ga/aa	{'ga': 2300, 'aa': 1, '--': 1}
157930	157931	ga/aa	{'ga': 2291, 'aa': 10, '--': 1}
158124	158125	ga/aa	{'ga': 2293, 'ra': 1, 'aa': 7, '--': 1}
158310	158311	ga/aa	{'ga': 2300, 'aa': 1, '--': 1}
158359	158360	ga/aa	{'ga': 2300, '--': 1, 'aa': 1}
158539	158540	ga/aa	{'ga': 2300, 'aa': 1, '--': 1}
158603	158604	ga/aa	{'ga': 2300, 'aa': 1, '--': 1}
158898	158899	ga/aa	{'ga': 2300, 'aa': 1, '--': 1}
159058	159059	ga/aa	{'ga': 2300, 'aa': 1, '--': 1}
159064	159065	ga/aa	{'ga': 2300, 'aa': 1, '--': 1}
159070	159071	ga/aa	{'ga': 2300, 'aa': 1, '--': 1}
159347	159348	ga/aa	{'ga': 2300, 'aa': 1, '--': 1}
159350	159351	ga/aa	{'ga': 2298, 'aa': 3, '--': 1}
159372	159373	ga/aa	{'ga': 2300, 'aa': 1, '--': 1}
159552	159553	ga/aa	{'ga': 2297, 'aa': 4, '--': 1}
159592	159593	ga/aa	{'ga': 2300, '--': 1, 'aa': 1}
159602	159603	ga/aa	{'ga': 2300, 'aa': 1, '--': 1}
159626	159627	ga/aa	{'ga': 2300, '--': 1, 'aa': 1}
159722	159723	ga/aa	{'ga': 2300, 'aa': 1, '--': 1}
159797	159798	ga/aa	{'ga': 2299, 'aa': 2, '--': 1}
160138	160139	ga/aa	{'ga': 2300, 'aa': 1, '--': 1}
160256	160257	ga/aa	{'ga': 2301, 'aa': 1}
160349	160350	ga/aa	{'ga': 2301, 'aa': 1}
160616	160617	ga/aa	{'ga': 2301, 'aa': 1}
160643	160644	ga/aa	{'ga': 2301, 'aa': 1}
160707	160708	ga/aa	{'ga': 2298, 'aa': 4}
160819	160820	ga/aa	{'ga': 2301, 'aa': 1}
160833	160834	ga/aa	{'ga': 2300, 'aa': 2}
161289	161290	ga/aa	{'ga': 2298, 'aa': 4}
161832	161833	ga/aa	{'ga': 2300, 'aa': 2}
161924	161925	ga/aa	{'ga': 2300, 'aa': 2}
161978	161979	ga/aa	{'ga': 2078, 'ra': 1, 'aa': 223}
162458	162459	ga/aa	{'ga': 2300, 'aa': 2}
162592	162593	ga/aa	{'aa': 2301, 'ga': 1}
162614	162615	ga/aa	{'ga': 2298, 'aa': 3, 'ra': 1}
162772	162773	ga/aa	{'ga': 2301, 'aa': 1}
162880	162881	ga/aa	{'ga': 2301, 'aa': 1}
162935	162936	ga/aa	{'ga': 2297, 'aa': 5}
162956	162957	ga/aa	{'ga': 2298, 'na': 1, 'aa': 3}
162972	162973	ga/aa	{'ga': 2299, 'aa': 2, 'ra': 1}
163136	163137	ga/aa	{'ga': 2301, 'aa': 1}
163309	163310	ga/aa	{'ga': 2301, 'aa': 1}
163411	163412	ga/aa	{'ga': 2301, 'aa': 1}
163819	163820	ga/aa	{'ga': 2301, 'aa': 1}
163952	163953	ga/aa	{'ga': 2301, 'aa': 1}
163975	163976	ga/aa	{'ga': 2298, 'aa': 4}
164087	164088	ga/aa	{'ga': 2301, 'aa': 1}
164319	164320	ga/aa	{'ga': 2301, 'aa': 1}
164366	164367	ga/aa	{'ga': 2301, 'aa': 1}
164597	164598	ga/aa	{'ga': 2300, 'aa': 2}
164775	164776	ga/aa	{'ga': 2297, 'aa': 5}
164825	164826	ga/aa	{'ga': 2299, 'aa': 2, 'na': 1}
164836	164837	ga/aa	{'ga': 2301, 'aa': 1}
164908	164909	ga/aa	{'ga': 2301, 'aa': 1}
164984	164985	ga/aa	{'ga': 2300, 'aa': 2}
165237	165238	ga/aa	{'ga': 2301, 'aa': 1}
165338	165339	ga/aa	{'ga': 2298, 'aa': 4}
165435	165436	ga/aa	{'ga': 2300, 'aa': 2}
165596	165597	ga/aa	{'ga': 2300, 'aa': 2}
165675	165676	ga/aa	{'ga': 2299, 'aa': 3}
165720	165721	ga/aa	{'ga': 2301, 'aa': 1}
165855	165856	ga/aa	{'ga': 2301, 'aa': 1}
165929	165930	ga/aa	{'ga': 2298, 'aa': 4}
166215	166216	ga/aa	{'ga': 2301, 'aa': 1}
166224	166225	ga/aa	{'ga': 2299, 'aa': 3}
166241	166242	ga/aa	{'ga': 2279, 'aa': 23}
166325	166326	ga/aa	{'ga': 2300, 'aa': 2}
166663	166664	ga/aa	{'ga': 2300, 'aa': 2}
166666	166667	ga/aa	{'ga': 2300, 'aa': 2}
166713	166714	ga/aa	{'ga': 2299, 'aa': 3}
167296	167297	ga/aa	{'ga': 2301, 'aa': 1}
167452	167453	ga/aa	{'ga': 2299, 'aa': 3}
168151	168152	ga/aa	{'ga': 2300, 'aa': 2}
168383	168384	ga/aa	{'ga': 2301, 'aa': 1}
168393	168394	ga/aa	{'ga': 2301, 'aa': 1}
168581	168582	ga/aa	{'ga': 2301, 'aa': 1}
168590	168591	ga/aa	{'ga': 2300, 'aa': 2}
168657	168658	ga/aa	{'ga': 2294, 'aa': 7, 'ca': 1}
168714	168715	ga/aa	{'ga': 2301, 'aa': 1}
168761	168762	ga/aa	{'ga': 2301, 'aa': 1}
169087	169088	ga/aa	{'ga': 2293, 'aa': 8, 'na': 1}
169128	169129	ga/aa	{'ga': 2301, 'aa': 1}
169247	169248	ga/aa	{'ga': 2299, 'aa': 3}
169313	169314	ga/aa	{'ga': 2301, 'aa': 1}
169337	169338	ga/aa	{'ga': 2301, 'aa': 1}
169446	169447	ga/aa	{'ga': 2301, 'aa': 1}
169818	169819	ga/aa	{'ga': 2301, 'aa': 1}
170182	170183	ga/aa	{'ga': 2300, 'aa': 2}
170234	170235	ga/aa	{'ga': 2301, 'aa': 1}
170236	170237	ga/aa	{'ga': 2301, 'aa': 1}
170278	170279	ga/aa	{'ga': 2298, 'aa': 3, 'ra': 1}
170667	170668	ga/aa	{'ga': 2285, 'aa': 17}
170868	170869	ga/aa	{'aa': 2301, 'ga': 1}
170907	170908	ga/aa	{'ga': 2300, 'aa': 2}
171048	171049	ga/aa	{'ga': 2301, 'aa': 1}
171127	171128	ga/aa	{'ga': 2299, 'ra': 2, 'aa': 1}
171136	171137	ga/aa	{'ga': 2296, 'aa': 6}
171281	171282	ga/aa	{'ga': 2301, 'aa': 1}
171301	171302	ga/aa	{'ga': 2300, 'aa': 2}
171333	171334	ga/aa	{'ga': 2301, 'aa': 1}
171595	171596	ga/aa	{'ga': 2301, 'aa': 1}
171670	171671	ga/aa	{'ga': 2295, 'aa': 7}
171712	171713	ga/aa	{'ga': 2300, 'aa': 2}
172113	172114	ga/aa	{'ga': 2300, 'aa': 2}
172311	172312	ga/aa	{'ga': 2301, 'aa': 1}
172447	172448	ga/aa	{'ga': 2301, 'aa': 1}
172679	172680	ga/aa	{'ga': 2300, 'aa': 2}
172895	172896	ga/aa	{'ga': 2301, 'aa': 1}
173347	173348	ga/aa	{'ga': 2301, 'aa': 1}
173527	173528	ga/aa	{'ga': 2301, 'aa': 1}
173985	173986	ga/aa	{'ga': 2053, 'aa': 249}
174017	174018	ga/aa	{'ga': 2297, 'aa': 5}
174203	174204	ga/aa	{'aa': 2299, 'ga': 3}
174315	174316	ga/aa	{'ga': 2300, 'aa': 2}
174446	174447	ga/aa	{'ga': 2301, 'aa': 1}
174584	174585	ga/aa	{'ga': 2301, 'aa': 1}
175122	175123	ga/aa	{'ga': 2300, 'aa': 1, '--': 1}
175131	175132	ga/aa	{'ga': 2291, 'aa': 7, '-a': 4}
175213	175214	ga/aa	{'ga': 2298, 'aa': 4}
175230	175231	ga/aa	{'ga': 2300, 'aa': 2}
175266	175267	ga/aa	{'ga': 2301, 'aa': 1}
175453	175454	ga/aa	{'ga': 2301, 'aa': 1}
175550	175551	ga/aa	{'ga': 2300, 'aa': 2}
175681	175682	ga/aa	{'ga': 2290, 'aa': 12}
175753	175754	ga/aa	{'ga': 2300, 'aa': 2}
175759	175760	ga/aa	{'ga': 2301, 'aa': 1}
175777	175778	ga/aa	{'ga': 2299, 'aa': 3}
175798	175799	ga/aa	{'ga': 2297, 'aa': 5}
175997	175998	ga/aa	{'ga': 2301, 'aa': 1}
176089	176090	ga/aa	{'ga': 2300, 'aa': 2}
176565	176566	ga/aa	{'ga': 2301, 'aa': 1}
176823	176824	ga/aa	{'ga': 2300, 'aa': 2}
177237	177238	ga/aa	{'ga': 2258, 'aa': 44}
177417	177418	ga/aa	{'ga': 2301, 'aa': 1}
177603	177604	ga/aa	{'ga': 2281, 'aa': 20, 'ra': 1}
177735	177736	ga/aa	{'ga': 2301, 'aa': 1}
177754	177755	ga/aa	{'ga': 2301, 'aa': 1}
177762	177763	ga/aa	{'ga': 2300, 'aa': 2}
177992	177993	ga/aa	{'ga': 1999, 'aa': 303}
178164	178165	ga/aa	{'ga': 2301, 'aa': 1}
178399	178400	ga/aa	{'ga': 2301, 'aa': 1}
178429	178430	ga/aa	{'ga': 2297, 'aa': 5}
178467	178468	ga/aa	{'ga': 2301, 'aa': 1}
178495	178496	ga/aa	{'ga': 2282, 'aa': 20}
178590	178591	ga/aa	{'ga': 2301, 'aa': 1}
178706	178707	ga/aa	{'ga': 2301, 'aa': 1}
178728	178729	ga/aa	{'aa': 2301, 'ga': 1}
178838	178839	ga/aa	{'ga': 2301, 'aa': 1}
178881	178882	ga/aa	{'ga': 2301, 'aa': 1}
179030	179031	ga/aa	{'ga': 2293, 'aa': 9}
179154	179155	ga/aa	{'ga': 2300, 'aa': 2}
179406	179407	ga/aa	{'ga': 2301, 'aa': 1}
179479	179480	ga/aa	{'ga': 2296, 'aa': 6}
179618	179619	ga/aa	{'ga': 2299, 'aa': 3}
180135	180136	ga/aa	{'ga': 2299, 'aa': 3}
180422	180423	ga/aa	{'ga': 2301, 'aa': 1}
181132	181133	ga/aa	{'ga': 2301, 'aa': 1}
181356	181357	ga/aa	{'ga': 2299, 'aa': 3}
181364	181365	ga/aa	{'ga': 2301, 'aa': 1}
181441	181442	ga/aa	{'ga': 2298, 'aa': 4}
181660	181661	ga/aa	{'ga': 2301, 'aa': 1}
181663	181664	ga/aa	{'ga': 2301, 'aa': 1}
181722	181723	ga/aa	{'ga': 2301, 'aa': 1}
181796	181797	ga/aa	{'ga': 2301, 'aa': 1}
181861	181862	ga/aa	{'ga': 2300, 'aa': 2}
181915	181916	ga/aa	{'ga': 2296, 'aa': 6}
182144	182145	ga/aa	{'ga': 2300, 'aa': 2}
182184	182185	ga/aa	{'ga': 2301, 'aa': 1}
182202	182203	ga/aa	{'ga': 2299, 'aa': 3}
182428	182429	ga/aa	{'ga': 2301, 'aa': 1}
182572	182573	ga/aa	{'ga': 2301, 'aa': 1}
182599	182600	ga/aa	{'ga': 2301, 'aa': 1}
182773	182774	ga/aa	{'ga': 2301, 'aa': 1}
182815	182816	ga/aa	{'aa': 2301, 'ga': 1}
182962	182963	ga/aa	{'ga': 2300, 'aa': 2}
183024	183025	ga/aa	{'ga': 2298, 'ra': 2, 'aa': 2}
183241	183242	ga/aa	{'ga': 2301, 'aa': 1}
183305	183306	ga/aa	{'ga': 2300, 'aa': 1, 'na': 1}
183314	183315	ga/aa	{'ga': 2301, 'aa': 1}
183321	183322	ga/aa	{'ga': 2300, 'aa': 2}
183425	183426	ga/aa	{'ga': 2300, 'aa': 2}
183436	183437	ga/aa	{'ga': 2301, 'aa': 1}
183477	183478	ga/aa	{'ga': 2294, 'aa': 6, 'g-': 2}
183658	183659	ga/aa	{'ga': 2300, 'aa': 2}
183938	183939	ga/aa	{'ga': 2299, 'aa': 3}
184159	184160	ga/aa	{'ga': 2301, 'aa': 1}
184459	184460	ga/aa	{'ga': 2301, 'aa': 1}
184736	184737	ga/aa	{'ga': 2301, 'aa': 1}
184776	184777	ga/aa	{'ga': 2299, 'aa': 3}
184944	184945	ga/aa	{'ga': 2300, 'aa': 2}
185064	185065	ga/aa	{'ga': 2301, 'aa': 1}
185281	185282	ga/aa	{'ga': 2300, 'aa': 2}
185399	185400	ga/aa	{'ga': 2006, 'aa': 296}
185607	185608	ga/aa	{'ga': 2301, 'aa': 1}
185782	185783	ga/aa	{'ga': 2301, 'aa': 1}
185817	185818	ga/aa	{'ga': 2301, 'aa': 1}
186231	186232	ga/aa	{'ga': 2300, 'aa': 2}
186336	186337	ga/aa	{'ga': 2300, 'aa': 2}
186825	186826	ga/aa	{'ga': 2301, 'aa': 1}
186828	186829	ga/aa	{'ga': 2300, 'aa': 2}
186852	186853	ga/aa	{'ga': 2299, 'aa': 3}
187002	187003	ga/aa	{'ga': 2158, 'aa': 140, 'ra': 4}
187092	187093	ga/aa	{'ga': 2301, 'aa': 1}
187155	187156	ga/aa	{'ga': 2301, 'aa': 1}
187326	187327	ga/aa	{'ga': 2300, 'ra': 1, 'aa': 1}
187415	187416	ga/aa	{'aa': 2301, 'ga': 1}
187512	187513	ga/aa	{'ga': 2301, 'aa': 1}
187520	187521	ga/aa	{'ga': 2276, 'aa': 26}
187632	187633	ga/aa	{'ga': 2301, 'aa': 1}
187896	187897	ga/aa	{'ga': 2301, 'aa': 1}
187922	187923	ga/aa	{'ga': 2301, 'aa': 1}
188142	188143	ga/aa	{'ga': 2301, 'aa': 1}
188204	188205	ga/aa	{'ga': 2300, 'aa': 2}
188253	188254	ga/aa	{'ga': 2301, 'aa': 1}
188467	188468	ga/aa	{'ga': 2301, 'aa': 1}
188514	188515	ga/aa	{'ga': 2300, 'aa': 2}
188615	188616	ga/aa	{'ga': 2301, 'aa': 1}
188664	188665	ga/aa	{'ga': 2299, 'aa': 3}
188948	188949	ga/aa	{'ga': 2301, 'aa': 1}
189535	189536	ga/aa	{'ga': 2300, 'aa': 2}
189574	189575	ga/aa	{'ga': 2301, 'aa': 1}
189676	189677	ga/aa	{'ga': 2301, 'aa': 1}
189793	189794	ga/aa	{'ga': 2301, 'aa': 1}
189812	189813	ga/aa	{'ga': 2300, 'aa': 2}
189885	189886	ga/aa	{'ga': 2298, 'aa': 2, 'ra': 2}
189923	189924	ga/aa	{'ga': 2301, 'aa': 1}
190095	190096	ga/aa	{'ga': 2298, 'aa': 4}
190242	190243	ga/aa	{'ga': 2291, 'aa': 11}
190443	190444	ga/aa	{'ga': 2301, 'aa': 1}
190761	190762	ga/aa	{'ga': 2296, 'gc': 4, 'gm': 1, 'aa': 1}
190836	190837	ga/aa	{'ga': 2300, 'na': 1, 'aa': 1}
191027	191028	ga/aa	{'ga': 2294, 'aa': 8}
191099	191100	ga/aa	{'ga': 2301, 'aa': 1}
191156	191157	ga/aa	{'ga': 2301, 'aa': 1}
191182	191183	ga/aa	{'ga': 2301, 'aa': 1}
191337	191338	ga/aa	{'ga': 2300, 'aa': 2}
191353	191354	ga/aa	{'ga': 2255, 'aa': 47}
191371	191372	ga/aa	{'ga': 2300, 'aa': 2}
191498	191499	ga/aa	{'ga': 1773, 'ra': 4, 'aa': 525}
191533	191534	ga/aa	{'ga': 2298, 'aa': 4}
